Company Name,Website,Contact Email,Found via Query
"kapedanicpa.ca","https://www.kapedanicpa.ca/about","hello@jkcpa.ca","boutique accounting firm toronto"
"brassettewalters.com","https://brassettewalters.com","info@brassettewalters.com","boutique accounting firm toronto"
"dntw.com","https://dntw.com","info@dntw.com","boutique accounting firm toronto"
"krienslarose.com","https://www.krienslarose.com","elaine@krienslarose.com","boutique accounting firm toronto"
"tappandco.com","https://www.tappandco.com","contact@tappandco.com","boutique accounting firm toronto"
"mtsllp.ca","https://www.mtsllp.ca","info@mtsllp.ca","boutique accounting firm toronto"
"djungcpa.ca","https://www.djungcpa.ca","doug@djungca.com","boutique accounting firm toronto"
"wtcca.com","https://wtcca.com/vancouver/tax-consultant-and-tax-accountant-vancouver/","info@wtcca.com","tax consultant small business vancouver"
"vantax.ca","https://vantax.ca","Info.vantax@gmail.com","tax consultant small business vancouver"
"genesacpa.com","https://genesacpa.com/services/tax-accountant-vancouver/","info@genesacpa.com","tax consultant small business vancouver"
"g6consulting.ca","https://www.g6consulting.ca/sred-calgary/ ","info@g6consulting.ca","SR&ED consultants calgary"
"easysred.com","https://easysred.com","info@easysred.com","SR&ED consultants calgary"
"g6consulting.ca","https://www.g6consulting.ca","info@g6consulting.ca","SR&ED consultants calgary"
"sauconsulting.ca","https://www.sauconsulting.ca","info@sauconsulting.ca","SR&ED consultants calgary"
"grantadvisors.ca","https://grantadvisors.ca/home","info@digitaladoptiongroup.ca","business grants consultant ontario"
"asgardconsulting.ca","https://asgardconsulting.ca/grants/ ","info@asgardconsulting.ca","business grants consultant ontario"
"rdpassociates.com","https://rdpassociates.com/government-grants/","RDPGrantsTeam@rdpassociates.com","business grants consultant ontario"
"ontariobusinessgrants.com","https://ontariobusinessgrants.com/grants/ontario-small-business-grant-guide/ ","support@canadabusinessgrants.com","business grants consultant ontario"
"fundingessentials.ca","https://www.fundingessentials.ca","ceo@fundingessentials.ca","business grants consultant ontario"
