Top queries,Clicks,Impressions,CTR,Position
veteran business grants canada,2,23,8.7%,5.04
usda sbir phase i 2026,2,22,9.09%,7.95
small business grants,1,20,5%,27.7
small business grants for veterans,1,16,6.25%,10
indigenous start up business grants,1,2,50%,1
culinary grants,1,2,50%,4
grants for veteran business owners,1,2,50%,5.5
grants for healthcare businesses,1,2,50%,11
youth entrepreneurship program ontario,1,2,50%,48.5
grants for hospitality businesses,1,1,100%,1
new business grants 2026,1,1,100%,1
sba grants 2026 for startups,1,1,100%,1
public health grants 2026,1,1,100%,15
grants for business students,1,1,100%,70
canada clean energy funding manitoba,0,835,0%,10.44
quebec business grants news,0,463,0%,10.74
small business funding alberta,0,215,0%,53.53
funding for small business canada,0,215,0%,67.08
canada small business financing,0,212,0%,55.74
"""métis capital corporation"" british columbia",0,141,0%,10.68
fsi,0,140,0%,10.27
government funding,0,134,0%,45.76
small business funding canada,0,122,0%,67.34
business funding in canada,0,112,0%,60.98
government grants canada,0,104,0%,38.03
grants for restaurants 2022,0,88,0%,33.24
technology grants,0,81,0%,32.56
small business grants for women owned busineses massachusetts,0,79,0%,10.7
small business funding bc,0,76,0%,69.96
minnesota business grants,0,73,0%,25.16
technology grants canada,0,73,0%,49.34
small business funding,0,67,0%,68.33
canada small business financing loan,0,64,0%,60.95
indigenous business funding,0,63,0%,57.7
small business grants for women,0,62,0%,58.21
new york business grants,0,61,0%,42.93
funding for small businesses,0,61,0%,71.77
funding for managed it services in minnesota state government 2026,0,60,0%,11.23
canada small business financing program,0,60,0%,53.3
business grants for women,0,59,0%,57.36
small business funding for women,0,58,0%,54.47
funding for small business,0,58,0%,68.14
grants for women owned businesses,0,57,0%,42.74
women's business resources canada,0,56,0%,54.66
business financing canada,0,55,0%,67.49
small business loans canada,0,53,0%,57.49
business funding for small business,0,52,0%,72.04
canada grants for small business,0,50,0%,64.66
funding for small companies,0,49,0%,76
"""métis capital corporation"" ""british columbia""",0,48,0%,11
business funding for veterans,0,48,0%,12.44
government grants in canada,0,48,0%,42.54
startup funding,0,47,0%,66.98
grants government of canada,0,46,0%,31.52
gov grants canada,0,46,0%,40.39
digital grant ontario,0,46,0%,49.74
tech grants canada,0,44,0%,38.91
small business financing,0,44,0%,53.45
grants for female business owners,0,44,0%,55.25
canada business grants,0,42,0%,48.52
female small business grants,0,42,0%,50.38
small business funding for veterans,0,41,0%,32.54
canada technology grants,0,41,0%,40.02
grants for women in business canada,0,41,0%,43.05
grants money canadian government,0,40,0%,31.6
"""jobsohio inclusion grant"" ""up to $50,000""",0,39,0%,9.44
canadian government grant,0,39,0%,37.1
small business loan canada,0,39,0%,64.92
"""métis capital corporation"" mnbc",0,38,0%,7.71
restaurant funding,0,38,0%,19.29
csbfp,0,38,0%,42.26
marketing grants canada,0,38,0%,69.37
government funding canada,0,37,0%,31.62
woman owned small business grants,0,37,0%,45
women owned small business grants,0,36,0%,41.97
"government funding for heavy equipment to start up a business that would 
help agricultural growth",0,35,0%,6.29
grants for non profits in bc,0,35,0%,32.26
business grants california,0,35,0%,50.46
"kansas california ohio new york illinois connecticut rhode island new 
funding government technology",0,34,0%,5.24
real time grant alerts,0,34,0%,38.91
grants canada government,0,34,0%,40.74
nys small business grants,0,34,0%,47.18
innovation fund,0,34,0%,51
"""pennsylvania"" technology innovation grants",0,33,0%,7.88
women-owned business grants canada,0,33,0%,41.64
women in business grants canada,0,33,0%,43.88
funding for business women,0,33,0%,69.48
ladies business loan,0,33,0%,71.36
"""georgia"" technology innovation grants",0,32,0%,7.66
louisiana r&d tax credit,0,32,0%,47.62
digital adoption plan template,0,32,0%,64.47
saskatchewan small business loans,0,31,0%,29.48
tech startup grants canada,0,31,0%,34.1
business loans saskatchewan,0,31,0%,38.9
small business saskatchewan,0,31,0%,43.84
innovation funding,0,31,0%,48
are there grants for women to start a business,0,31,0%,48.55
canada business financing,0,31,0%,61.81
grants availble chicago women owned buiness,0,30,0%,7.17
women owned business grants,0,30,0%,31.13
missouri small business grants,0,30,0%,44.5
funding,0,30,0%,53.03
ontario business funding,0,30,0%,59.07
small business finance,0,30,0%,75.63
small business loans saskatchewan,0,29,0%,29.17
grants for women entrepreneurs,0,29,0%,55.69
"government grants for ai agent development in massachusetts california 
texas north carolina georgia florida virginia new york",0,28,0%,7.04
canadian business grants,0,28,0%,46.64
business funding canada,0,28,0%,53.93
young entrepreneurs,0,28,0%,72.93
small business grants missouri,0,27,0%,47.04
canadian innovation funding,0,26,0%,31.58
business loans for veterans,0,26,0%,38.08
small business funding saskatchewan,0,26,0%,38.46
canadian grants for women entrepreneurs,0,26,0%,49.81
business grants wisconsin,0,26,0%,50.69
funding for canadian scale-ups,0,26,0%,54.35
canada digital adoption program requirements,0,26,0%,66.38
"""new york"" technology innovation grants",0,25,0%,8.96
small business grants quebec,0,25,0%,35.16
business grants missouri,0,25,0%,41.24
business loan saskatchewan,0,25,0%,42.68
small business digital grants program,0,25,0%,45.52
how do i apply for a government business grant,0,25,0%,58.16
female business grants,0,25,0%,62.32
business grants for veterans,0,24,0%,8.54
grants for technology startups,0,24,0%,32.92
digital grants,0,24,0%,33.71
federal grants canada,0,24,0%,39.17
canadian government grants,0,24,0%,42.17
government funds,0,24,0%,44.71
grants digital transformation higher education,0,24,0%,53.67
invest in massachusetts institute of technology startups,0,24,0%,56.25
canadian business financing,0,24,0%,58.42
business grants bc,0,24,0%,62.08
can you get a grant to start a business,0,24,0%,63.88
small business grants california 2026,0,23,0%,43.22
business loans for women in canada,0,23,0%,53.13
how do i get government grants to start a business,0,23,0%,58.61
startup funding canada,0,23,0%,59.7
"""fort wayne"" ""in"" municipal grants small business",0,22,0%,10.64
economic development incentives california 2026,0,22,0%,11.95
economic services grants for nonprofits,0,22,0%,20.14
tech innovation grants,0,22,0%,21.14
technology startup funding,0,22,0%,44.5
manufacturer funding,0,22,0%,44.82
where can i get a grant for my business,0,22,0%,67.95
"""texas"" technology innovation grants",0,21,0%,10.71
startup funding for veterans,0,21,0%,14.81
women in business alberta,0,21,0%,43.1
business grants canada,0,21,0%,51.86
canadian small business financing program,0,21,0%,55.24
technology development grants canada,0,21,0%,61.38
invest in new york university startups,0,21,0%,61.67
how can you get a grant to start a business,0,21,0%,63.76
apply for small business grant,0,21,0%,68.48
how do i get a grant for my business,0,21,0%,70.38
saskatchewan small business loan,0,20,0%,34.85
how can i get a grant to open a business,0,20,0%,56
csbf loan,0,20,0%,57.15
can i get a government grant to start a business,0,20,0%,58.7
does the government give grants to start a business,0,20,0%,60.95
grants for female entrepreneurs,0,20,0%,61.6
what grants can i get to start a business,0,20,0%,71.45
women entrepreneurship fund (wef),0,19,0%,8.47
apply for working capital loan minneapolis,0,19,0%,28.05
canada government grants,0,19,0%,42.26
how to start a small business in grand rapids mi,0,19,0%,47.05
how do i get a grant to open a business,0,19,0%,56.63
csbfp loan,0,19,0%,56.89
canadian small business loan,0,19,0%,63.63
how do i get grants to start a business,0,19,0%,67.21
small business loans alberta,0,19,0%,69.95
"""minneapolis"" ""mn"" municipal grants small business",0,18,0%,10.28
hospitality equipment funding,0,18,0%,17.44
flexible business financing minneapolis,0,18,0%,17.72
startup funding for women,0,18,0%,25.5
business support grand rapids mi,0,18,0%,39.22
canadian grants,0,18,0%,46.06
canadian startup grants,0,18,0%,55.89
how do i get grants for starting a business,0,18,0%,66.94
ohio business grants 2024,0,18,0%,67.06
usa small business grants where to apply sba grants program business,0,18,0%,71.11
"""california"" technology innovation grants",0,17,0%,8.29
government guaranteed loans,0,17,0%,26
top startup accelerators & incubators in california,0,17,0%,39.06
women entrepreneur grants,0,17,0%,43.76
us small business funding options grants loans sba microloan 2026,0,17,0%,48.88
new business grants alberta,0,17,0%,49.59
canadian small business financing,0,17,0%,51
innovation grants,0,17,0%,51
small business grants new york,0,17,0%,51.12
canada business funding,0,17,0%,51.47
small business financing program canada,0,17,0%,53.76
business incentives kansas city,0,17,0%,55.24
are there any web development grants or subsidies available in canada,0,17,0%,55.65
grants for startups canada,0,17,0%,59.29
canada small business loan,0,17,0%,61.12
grants and funding,0,17,0%,61.53
government grants for small business,0,17,0%,69
business loans for women,0,17,0%,76.47
federal grants for small business,0,17,0%,79.76
"""métis capital corporation"" ""british columbia"" lending",0,16,0%,8.94
amber grant application,0,16,0%,10.62
"north carolina ontario student fees management payment processing 
government grants",0,16,0%,11
philadelphia retail business grants,0,16,0%,16.31
startup ny,0,16,0%,23.62
funding for tech startups in orange county,0,16,0%,24.44
canadian government funding,0,16,0%,37.5
government grant,0,16,0%,43
grants canada,0,16,0%,43.31
where can i get a grant to start a business,0,16,0%,55.75
small business financing canada,0,16,0%,57.25
can i get government funding to start my own business,0,16,0%,57.56
"new funding for permitting software in virginia, illinois, florida, 
ontario, british columbia",0,15,0%,6.67
"""métis capital corporation"" ""british columbia"" lending institution",0,15,0%,9.47
"""massachusetts"" technology innovation grants",0,15,0%,9.93
nasa sbir grant for startups space startup grant application,0,15,0%,29.6
federal government grants,0,15,0%,36.27
innovation grants canada,0,15,0%,39.13
female owned business grants,0,15,0%,41
machine learning rfp,0,15,0%,48.93
how to get a small business grant,0,15,0%,54.87
digital transformation grants,0,15,0%,56.93
new business loans canada,0,15,0%,57.6
kansas city business incentives,0,15,0%,57.67
canada startup funding,0,15,0%,60.87
funding for startups,0,15,0%,63.47
start up funding,0,15,0%,63.73
government grants for starting a business,0,15,0%,66.87
state grants for small business,0,15,0%,67.93
canada small business grants news,0,15,0%,70.4
female entrepreneur grants,0,15,0%,72.47
canada digital adoption program 2022,0,15,0%,79.13
nsf america's seed fund phase i funding amount 2026 official,0,14,0%,8.86
california small business loan guarantee program ibank 2026,0,14,0%,10.36
retail business grants in philadelphia,0,14,0%,16.86
edc venture capital,0,14,0%,22.79
minnesota small business grants,0,14,0%,30.36
federal government canada grants,0,14,0%,31.64
government of canada grants,0,14,0%,36
canada grants,0,14,0%,40.21
federal funding,0,14,0%,42.36
women's business network alberta,0,14,0%,49.93
small business alberta,0,14,0%,50.79
small business grants alberta,0,14,0%,52.29
canada small business funding,0,14,0%,59.29
canadian small business financing loan,0,14,0%,60.93
small business loans women owned business,0,14,0%,64.79
federal manufacturing grants,0,14,0%,65
csbf,0,14,0%,67.64
us federal stimulus programs for small businesses how to apply 2026,0,14,0%,78.21
invest in corpus christi startups,0,14,0%,82.93
business financing software,0,14,0%,86.07
grants for deep tech startups 2026,0,13,0%,9.08
federal funding for women in business,0,13,0%,11.08
small business funding in new york,0,13,0%,34.15
nih taba funding support health tech,0,13,0%,37.15
federal funding programs canada,0,13,0%,39.54
small business grants in minnesota,0,13,0%,40.15
government funding programs canada,0,13,0%,41.85
quebec small business grants,0,13,0%,43.08
government of canada business grants,0,13,0%,50.08
irap funding,0,13,0%,51.08
grants for women in business,0,13,0%,55.23
where do i apply for a small business grant,0,13,0%,55.69
how do i apply for a small business grant,0,13,0%,55.85
grants for small business alberta,0,13,0%,55.92
funding for women entrepreneurs,0,13,0%,70.38
apply for commercial business loan minneapolis,0,12,0%,47.75
business loans for minorities,0,12,0%,47.83
canada business grant,0,12,0%,48.17
canada small business financing program csbfp,0,12,0%,56.92
women entrepreneurship fund,0,12,0%,57.17
canadian government grants for small business,0,12,0%,57.25
small business grants in iowa,0,12,0%,62.5
women small business grants,0,12,0%,65.17
digital marketing grants,0,12,0%,65.33
csbfl,0,12,0%,67.92
small business loans for women,0,12,0%,75.58
grow your business online grant ontario,0,12,0%,76.42
e commerce grants canada,0,12,0%,79.25
chandler business incentive and funding,0,11,0%,6.36
"""virginia"" technology innovation grants",0,11,0%,9.27
atlanta ai startup grants funding opportunities 2026,0,11,0%,11.55
"arkansas small business grant workforce 2026 apply -site:docs.google.com 
-site:drive.google.com -site:scribd.com -site:slideshare.net 
-site:academia.edu -site:pinterest.com -site:pinterest.co.uk 
-site:reddit.com -site:quora.com -site:facebook.com -site:instagram.com 
-site:tiktok.com -site:twitter.com -site:x.com -site:youtube.com 
-site:jobs2careers.com -site:jobspider.com -site:jobcase.com 
-site:salary.com -site:jobgoround.com",0,11,0%,18.09
mn small business grants,0,11,0%,23.55
technology innovation grants,0,11,0%,23.64
canada funding,0,11,0%,31.82
government of canada funding,0,11,0%,33.09
women business grants,0,11,0%,46.18
us university grants digital transformation,0,11,0%,46.73
government grants,0,11,0%,47.82
ai grants canada,0,11,0%,50.09
women in business grants,0,11,0%,51.82
alberta business grant,0,11,0%,52.82
alberta grants for small business,0,11,0%,53
innovation in quebec,0,11,0%,54.18
alberta new business grants,0,11,0%,55.18
business grant for women,0,11,0%,55.64
grants for female owned businesses,0,11,0%,56.82
manufacturing grants,0,11,0%,58.64
government funding for manufacturing canada,0,11,0%,59.27
how do i get a grant for my small business,0,11,0%,59.45
women in small business grants,0,11,0%,62.64
government manufacturing grants,0,11,0%,62.73
funds for women owned businesses,0,11,0%,63.45
can you get a government grant to open a business,0,11,0%,70.91
federal grants for manufacturing,0,11,0%,71.18
funding startup,0,11,0%,76.55
e-commerce grants canada,0,11,0%,81
fsi canada,0,10,0%,5.8
"""métis capital corporation"" ""métis nation british columbia""",0,10,0%,8.2
baltimore county boost fund eligibility veteran-owned,0,10,0%,9.7
farm working capital colorado springs,0,10,0%,12.3
fsi blog7,0,10,0%,14.3
global ny fund grant program,0,10,0%,17.6
small business loan minneapolis,0,10,0%,24.5
startup funding houston,0,10,0%,26.3
grants for women,0,10,0%,26.7
government business incentives,0,10,0%,34.7
funding sources for business expansion 2026,0,10,0%,42.5
can i get a grant to start my own business,0,10,0%,45.9
small business loans for minorities,0,10,0%,48.4
manufacturing engineering funding,0,10,0%,48.9
where can i apply for a small business grant,0,10,0%,49.6
federal small business grants,0,10,0%,52.1
canada entrepreneur grants,0,10,0%,52.3
small business grants in missouri,0,10,0%,53.2
grants for small business women,0,10,0%,53.3
canadian small business loans,0,10,0%,56.9
manufacturing grants canada,0,10,0%,58.6
where to get a grant to start a business,0,10,0%,59.3
government funding for automation,0,10,0%,59.6
canada startup grants,0,10,0%,61.1
small business grants bc,0,10,0%,64.1
alberta small business loans,0,10,0%,66.3
csbfl loan,0,10,0%,67.4
ai grant,0,10,0%,71.6
indigenous loans canada,0,10,0%,74.1
grants for digital marketing,0,10,0%,76.1
federal grants for small business start up,0,10,0%,78.8
manufacturing grants 2024,0,10,0%,86.8
restaurant revitalization,0,9,0%,2.11
digital fsi,0,9,0%,5.78
women entrepreneurship strategy canada grants 2026,0,9,0%,9.22
technology funding,0,9,0%,30.22
funding for tech companies,0,9,0%,33.67
irap application support,0,9,0%,38.67
federal government grant,0,9,0%,40.78
young canadian entrepreneurs,0,9,0%,42.44
funding for tech startups,0,9,0%,42.89
government canada grants,0,9,0%,44.89
loans for minority owned businesses,0,9,0%,45.89
small business grants in kentucky,0,9,0%,46.78
manufacturing funding,0,9,0%,48.33
are there any grants to start up a business,0,9,0%,48.89
federal business grants canada,0,9,0%,50.56
nonprofit grants manitoba,0,9,0%,52.89
csbfa,0,9,0%,55
alberta small business grants,0,9,0%,55.44
business grants alberta,0,9,0%,56.78
female entrepreneur grants canada,0,9,0%,57.22
canada small business grants,0,9,0%,58.44
entrepreneur grants canada,0,9,0%,58.67
grants for indigenous business,0,9,0%,61.56
tech grants,0,9,0%,63
canadian startup funding,0,9,0%,63.67
small business women grants,0,9,0%,63.89
delaware grants for small businesses,0,9,0%,66.44
grant for women in business,0,9,0%,67.56
small business loans or grants,0,9,0%,76.78
female business loans,0,9,0%,78.44
business incentives in chandler,0,8,0%,8.12
amber grant requirements,0,8,0%,11.25
business incentives for relocating to bellevue,0,8,0%,15.25
bellevue wa small business loans,0,8,0%,15.5
quebec small business grants news,0,8,0%,19.88
youth entrepreneurship support,0,8,0%,20.25
business grants,0,8,0%,20.5
funding for technology startups,0,8,0%,26
small business grants new york state,0,8,0%,30.5
canada innovation fund,0,8,0%,33
government grants for tech startups,0,8,0%,39.62
quebec grants for small business,0,8,0%,39.62
startup resources new york,0,8,0%,40.25
grant canada,0,8,0%,40.38
clean energy grants,0,8,0%,40.88
america's seed fund,0,8,0%,43.25
funding for technology companies,0,8,0%,43.5
wisconsin business grants,0,8,0%,43.88
women in tech canada,0,8,0%,46.88
cdap digital adoption plan guide,0,8,0%,49.62
alberta government grants for small business,0,8,0%,51.75
government of canada small business grants,0,8,0%,51.75
alberta business grants,0,8,0%,53
small business grants canada,0,8,0%,53.88
start a fund manitoba,0,8,0%,54.5
women export business loans,0,8,0%,55.38
canadian small business grants,0,8,0%,56.38
alberta grant for business,0,8,0%,58.38
women's business resources,0,8,0%,58.5
how can i apply for a small business grant,0,8,0%,60.5
sba grants for women,0,8,0%,60.75
small business incentives in iowa,0,8,0%,60.88
women in business canada,0,8,0%,62.38
small business grants in washington,0,8,0%,62.75
business grants for woman,0,8,0%,64.38
digital transformation grant,0,8,0%,64.38
women's business grant,0,8,0%,64.38
access working capital,0,8,0%,65.75
business funding,0,8,0%,67.62
small business grants in wisconsin,0,8,0%,67.75
small business grants in oregon,0,8,0%,71.25
business incentives,0,8,0%,75.38
federal grants for small business start-up,0,8,0%,78.88
startup business funding,0,8,0%,80.38
grants to help start a business,0,8,0%,92.25
welf canada,0,7,0%,7.29
nih sbir sttr standard due dates 2026,0,7,0%,9.71
"canada dei black indigenous women entrepreneurship funding grant program 
news may june 2026",0,7,0%,10.14
mn grants for small business,0,7,0%,19.14
small business government affairs quebec,0,7,0%,20
amber grant for women application,0,7,0%,22.86
loans for minorities,0,7,0%,25.57
federal grants,0,7,0%,28.71
canadian grant,0,7,0%,30.29
funding assistance,0,7,0%,33.43
federal government grants canada,0,7,0%,40.14
federal funding program,0,7,0%,40.29
small business startup funding houston,0,7,0%,40.29
canada tech grants,0,7,0%,40.86
canada federal grants,0,7,0%,41.71
crop financing for farmers minneapolis,0,7,0%,42.86
technology grants ontario,0,7,0%,43.14
canadian government business grants,0,7,0%,43.57
federal government grant canada,0,7,0%,43.71
alberta small business grant,0,7,0%,46
sme grants,0,7,0%,46.71
grants for small businesses alberta,0,7,0%,47.29
women owned business grants canada,0,7,0%,48.29
small business loans saskatoon,0,7,0%,49.71
canada small business financing program guidelines,0,7,0%,50.71
business grants in canada,0,7,0%,54
small business loan guarantee program,0,7,0%,54.14
"learn how the canada small business financing program can help grow your 
business",0,7,0%,54.57
canadian business loan,0,7,0%,54.86
young entrepreneurs canada,0,7,0%,55.57
wisconsin small business grants,0,7,0%,55.71
grants for businesses in canada,0,7,0%,56.14
indigenous entrepreneurs,0,7,0%,57.14
start up business grants bc,0,7,0%,59
canada small business loan program,0,7,0%,59.14
small business funding in washington,0,7,0%,59.71
small business financing loan,0,7,0%,61.14
business grants ontario,0,7,0%,61.86
grants for women owned business,0,7,0%,61.86
small business financing program,0,7,0%,62.57
grants in canada for small business,0,7,0%,62.86
small business grants in new york,0,7,0%,64.14
artificial intelligence grants,0,7,0%,69.43
how to apply for small business grants,0,7,0%,70.57
grants for business start,0,7,0%,74.71
funding a small business,0,7,0%,77.86
grants to start a business,0,7,0%,79.29
can i get government funding to start a business,0,7,0%,85
"""ohio"" technology innovation grants",0,6,0%,3.83
texas state grants startups medtech space defense 2026,0,6,0%,4.5
nsf america's seed fund phase i phase ii funding amounts 2026 official,0,6,0%,8.67
empire state development grants,0,6,0%,15.33
agriculture loans fort wayne,0,6,0%,18.83
business grants mn,0,6,0%,19.67
irvine ca tech startup growth guide,0,6,0%,22.83
grant assistance,0,6,0%,24.17
where can i find grants to start a business,0,6,0%,24.5
who offers the fastest zero-equity funding for an immediate app ua surge?,0,6,0%,25.17
best free accelerators no equity,0,6,0%,25.67
amber grant tips,0,6,0%,26
saskatchewan small business grants,0,6,0%,28.17
government grants for accelerators,0,6,0%,29.5
small business grants in vermont,0,6,0%,30.17
apply online business loan minneapolis,0,6,0%,32
apply for funding for small business,0,6,0%,32.33
canadian funding,0,6,0%,32.67
innovation funding canada,0,6,0%,32.83
grants for tech startups,0,6,0%,33.33
small business grants mn,0,6,0%,34.83
startup new york tax incentives,0,6,0%,34.83
government grants canada technology,0,6,0%,35.17
bc business grants,0,6,0%,35.67
kentucky small business grants,0,6,0%,37.83
canada grant,0,6,0%,38
social enterprise funding,0,6,0%,38.33
can you get a grant to start your own business,0,6,0%,39
apply for a business funding,0,6,0%,41.33
research and development funding canada,0,6,0%,41.67
small business loans for veterans,0,6,0%,42.5
irap funding 2021,0,6,0%,42.67
canada government grant,0,6,0%,43
invest in ri startups,0,6,0%,43.67
grand rapids mi small business loans,0,6,0%,44
application for business funding,0,6,0%,49.33
business loan from government,0,6,0%,51.33
grant for business canada,0,6,0%,52.83
irap program,0,6,0%,53.33
city of calgary small business grants,0,6,0%,54.17
government grants for innovation,0,6,0%,54.5
small business grant alberta,0,6,0%,55.33
canadian small business finance program,0,6,0%,55.5
digital grants for small business,0,6,0%,55.83
startup program,0,6,0%,56.33
small business grant canada,0,6,0%,56.83
california small business grants,0,6,0%,58.5
small business loan canada $40000,0,6,0%,59.33
canada funding for small business,0,6,0%,59.5
grants canada 2024,0,6,0%,60.33
sr&ed grants tech startups,0,6,0%,60.5
indiana small business grants,0,6,0%,61.33
women business grant,0,6,0%,61.5
canadian grants for new business,0,6,0%,61.83
csbl loan,0,6,0%,64.67
grant for small business canada,0,6,0%,65
free canadian government grants for small business,0,6,0%,65.5
government grants for technology,0,6,0%,70.5
women tech startup loans,0,6,0%,70.5
sr&ed tax credit,0,6,0%,71.33
grants and incentives,0,6,0%,71.5
small business loan grants,0,6,0%,73.67
women business loans,0,6,0%,74.33
benefits of indigenous entrepreneurship,0,6,0%,81.67
usda sbir 2026,0,5,0%,6
"""jobsohio inclusion grant"" ""up to""",0,5,0%,8.4
health canada grants,0,5,0%,13
tucson government funding compliance,0,5,0%,16
how to apply for nasa sbir space startup,0,5,0%,16.4
philadelphia startup grants,0,5,0%,18.4
minneapolis business program,0,5,0%,19.6
amber grant canada,0,5,0%,20.2
grants for small businesses,0,5,0%,21.6
nsf seed funding,0,5,0%,23.4
equity free accelerator,0,5,0%,24.8
minnesota grants for small businesses,0,5,0%,25
nserc i2i,0,5,0%,25.2
aviation tech funding,0,5,0%,25.4
small business funding in minnesota,0,5,0%,25.6
nasa technology funding,0,5,0%,25.8
access to funding and investors in bellevue,0,5,0%,26.8
equity-free startup accelerator,0,5,0%,27.4
atlantic innovation fund,0,5,0%,27.6
funding a washington llc,0,5,0%,27.6
mn business grants,0,5,0%,28.6
oregon business grants,0,5,0%,29
funding available per industry,0,5,0%,29.6
top small business startup funding in houston,0,5,0%,29.6
csbfp eligibility,0,5,0%,33
manfacturing startup funding new york,0,5,0%,34
bc manufacturing grant,0,5,0%,36.4
small business grants ottawa,0,5,0%,37.6
equity accelerators,0,5,0%,40
loans and grants for small business,0,5,0%,40
government funding for canadian businesses,0,5,0%,40.6
grant in canada,0,5,0%,42.6
health funding,0,5,0%,45.2
technology grants alberta,0,5,0%,45.2
government of canada grant,0,5,0%,45.6
tech startup funding canada,0,5,0%,46.6
regional development grants canada,0,5,0%,47
canadian grants and loans,0,5,0%,47.2
houston small business startup funding,0,5,0%,47.2
iowa small business grants,0,5,0%,47.4
research and development grants canada,0,5,0%,47.6
federal gov small business grants,0,5,0%,48
alberta innovates grants,0,5,0%,48.6
10 year equipment loan,0,5,0%,49
manufacturing funding new york,0,5,0%,49.2
grants in canada,0,5,0%,50.4
business grant canada,0,5,0%,51
government business grants canada,0,5,0%,51.2
small business grants iowa,0,5,0%,51.6
funding for app,0,5,0%,52.8
industrial research assistance program irap,0,5,0%,53.4
canada startups grants,0,5,0%,53.6
invest in massachusetts startups,0,5,0%,55
canadian government grants for startups,0,5,0%,55.2
startup grants,0,5,0%,56
small business start up grants,0,5,0%,56.2
gov grants,0,5,0%,56.4
grants for canadian business,0,5,0%,56.8
grants canada for small business,0,5,0%,57
"u.s. small business administration grants federal grants for starting a 
business official",0,5,0%,57
canada grants small business,0,5,0%,57.2
government grants for businesses canada,0,5,0%,59
grants for small business in canada,0,5,0%,59.4
canada grants for startups,0,5,0%,60.4
grants for small business canada,0,5,0%,60.6
grants for small businesses canada,0,5,0%,60.8
startup business funding canada,0,5,0%,60.8
canada small business financing program eligibility,0,5,0%,61
grants and government,0,5,0%,61
grants for female entrepreneurs canada,0,5,0%,61.2
business assistance for iowa,0,5,0%,61.6
business startup funding canada,0,5,0%,61.8
new york state small business grants,0,5,0%,62
bc small business grants,0,5,0%,62.6
funding for startups canada,0,5,0%,62.6
csbfl program,0,5,0%,62.8
women entrepreneurship loan fund,0,5,0%,63.6
ontario small business grants,0,5,0%,64
funding for small business in alberta,0,5,0%,64.2
ontario grants for small business,0,5,0%,64.2
canada start up business grants,0,5,0%,65
government funding for technology,0,5,0%,65
british columbia grants for small business,0,5,0%,68
small business grants ontario,0,5,0%,68.6
small business grants in california,0,5,0%,69.4
startup business grants,0,5,0%,69.8
small business loans alberta canada,0,5,0%,70.2
ecommerce grants,0,5,0%,71.2
small business funding in wisconsin,0,5,0%,71.2
canadian business grants for small businesses,0,5,0%,72.6
how to get a small business loan for women,0,5,0%,73
aerospace mergers and acquisitions canada,0,5,0%,74.8
e commerce grants,0,5,0%,77.2
canada small business loan 40000,0,5,0%,78.2
startup business loan for women,0,5,0%,78.4
how to get approved for canada digital adoption program,0,5,0%,78.6
business loans women,0,5,0%,79
how to apply for federal grants for business growth,0,5,0%,80.8
"what is the process for applying for business grants and what are the key 
factors considered in the selection process",0,5,0%,80.8
fund small business,0,5,0%,84
funding digital transformation,0,5,0%,85.4
tech innovation startup funding 2026,0,4,0%,4
fsi government,0,4,0%,4.25
"what are the hottest small business grant opportunities right now? new 
grants in last 30 days, upcoming deadlines, state-specific grants, grants 
for underserved groups. focus on businesses under $500k revenue. specific 
amounts and deadlines.",0,4,0%,5.5
"""agricultural technology"" ""startup"" -site:reddit.com -site:twitter.com 
-site:x.com -site:wykop.pl -site:tripadvisor.com -site:youtube.com 
-site:yelp.com -site:booking.com -site:facebook.com -site:instagram.com 
-site:tiktok.com",0,4,0%,6
government grant for women owned business,0,4,0%,7
nsf sbir sttr ai robotics deadlines 2026,0,4,0%,7
"""michigan"" technology innovation grants",0,4,0%,7.75
nsf america's seed fund phase i phase ii funding amount 2026 official,0,4,0%,8.5
"""colorado"" technology innovation grants",0,4,0%,9
minneapolis small business grants 2026,0,4,0%,9.5
social enterprise grants,0,4,0%,10.25
nsf america's seed fund sbir sttr phase i funding amount 2026 official,0,4,0%,10.5
women led business grants,0,4,0%,10.75
business grants montreal,0,4,0%,13
restaurant relief,0,4,0%,15
minnesota small business grants 2026,0,4,0%,16.25
r e s t a u r a n t h o o d i n s t a l l a t i o n c o s t,0,4,0%,17
scotiabank women initiative,0,4,0%,18.5
nybdc excelsior growth fund,0,4,0%,19
canada small business financing program csbfp current interest rates 2026,0,4,0%,19.75
start up business grants,0,4,0%,21.25
sba grants 2026,0,4,0%,22.75
equity free startup programs,0,4,0%,23.75
canadian government programs,0,4,0%,24
nsf seed fund,0,4,0%,26
restaurant entrepreneur ontario,0,4,0%,26
funding canada,0,4,0%,26.75
non repayable grants canada,0,4,0%,27
small business grants minnesota,0,4,0%,27
vancouver startup funding,0,4,0%,27
other government industry programs,0,4,0%,27.25
startup funding vancouver,0,4,0%,27.5
nevada small business grants,0,4,0%,28.25
free grants to start a business,0,4,0%,28.5
green energy grant,0,4,0%,28.75
state of minnesota small business grants,0,4,0%,28.75
grants for trucking companies,0,4,0%,29
equity-free program,0,4,0%,29.25
minneapolis business loan,0,4,0%,29.75
female entrepreneur grants ontario,0,4,0%,30.5
bdc co lending program,0,4,0%,30.75
equity free program,0,4,0%,31
canadian government subsidies,0,4,0%,32.25
equity-free startup accelerator program,0,4,0%,32.5
industrial innovation funding canada,0,4,0%,32.75
provincial innovation incentives,0,4,0%,32.75
technology grant canada,0,4,0%,32.75
innovation canada funding,0,4,0%,34
small business grants saskatchewan,0,4,0%,34.25
free small business startup grants mn,0,4,0%,35.5
grant money canada,0,4,0%,36
indigenous business grants,0,4,0%,36
r&d grants canada,0,4,0%,37.75
startup funding oregon,0,4,0%,37.75
grant money in canada,0,4,0%,38.5
r&d grants,0,4,0%,38.75
canada small business financing program (csbfp),0,4,0%,39.5
federal grants for small business canada,0,4,0%,40
grants in saskatchewan,0,4,0%,40
green grants canada,0,4,0%,41
new york business incentives,0,4,0%,41.25
canada grants for individuals,0,4,0%,41.75
digital grant,0,4,0%,42
saskatchewan grants,0,4,0%,42.25
farm loan application minneapolis,0,4,0%,42.75
federal goverment grant,0,4,0%,43
small business startup grants oregon,0,4,0%,43.5
cra grants,0,4,0%,44.75
small business grants wisconsin,0,4,0%,45
ai applications canada,0,4,0%,45.25
irap funding criteria,0,4,0%,45.25
tech startup funding,0,4,0%,45.75
canada digital adoption program small business bc,0,4,0%,46.25
free startup accelerator,0,4,0%,46.5
government funding programs,0,4,0%,47.25
federal govt grant,0,4,0%,47.5
grants for young entrepreneurs,0,4,0%,47.5
canadian goverment grants,0,4,0%,48
kentucky grants for small businesses,0,4,0%,48
best small business startup funding in houston,0,4,0%,48.25
louisiana research and development tax credit,0,4,0%,48.25
government of canada grants for business,0,4,0%,49
csbfp loan interest rate,0,4,0%,50.75
government business loan,0,4,0%,52
new business loans ontario,0,4,0%,52.25
business loan in canada,0,4,0%,52.5
canada small business grant,0,4,0%,53.25
canada small business program,0,4,0%,53.5
government grants for small business canada,0,4,0%,53.75
government of canada small business loans,0,4,0%,53.75
manufacturing funding opportunities,0,4,0%,53.75
business incentives iowa,0,4,0%,55.75
canadian grant for small business,0,4,0%,55.75
canada small business loans,0,4,0%,56.25
wi small business grants,0,4,0%,56.5
sif funding,0,4,0%,58.5
canada government small business grants,0,4,0%,60
startup funding in canada,0,4,0%,60.5
innovation tax credits canada,0,4,0%,62.5
business incentives in iowa,0,4,0%,63
business grants british columbia,0,4,0%,63.25
small business loans canada $40000,0,4,0%,63.25
metis business grants,0,4,0%,63.5
digital grants canada,0,4,0%,64.25
women entrepreneurship programs,0,4,0%,64.5
tax incentives for small businesses in iowa,0,4,0%,64.75
canada small business financing loan csbfl,0,4,0%,65
ai grant application,0,4,0%,65.25
cra small business loan,0,4,0%,65.25
it for startups canada,0,4,0%,65.25
business startup grants canada,0,4,0%,66.5
apply for small business grants,0,4,0%,66.75
small business funding in missouri,0,4,0%,69.25
sr&ed funding for start-ups,0,4,0%,69.25
female entrepreneur support,0,4,0%,70
business start up grants ontario,0,4,0%,70.25
iowa business assistance,0,4,0%,70.25
small business loan alberta,0,4,0%,70.25
r&d tax credits in louisiana,0,4,0%,71.75
business starter grants,0,4,0%,72
business expansion grants canada,0,4,0%,72.25
business loan for women,0,4,0%,72.25
small business startup grants,0,4,0%,72.25
business startup grants,0,4,0%,72.5
grants for small business,0,4,0%,72.75
grants for women entrepreneurs canada,0,4,0%,73.25
small business loans and grants,0,4,0%,75.25
grant for small business,0,4,0%,75.5
how to obtain a small business grant,0,4,0%,76
how to receive grants for small business,0,4,0%,76
loans for female business owners,0,4,0%,76.5
women manufacturing business loans,0,4,0%,77.5
free government grants for small business,0,4,0%,78.75
federal r&d tax credit,0,4,0%,81
research and development r&d tax credits,0,4,0%,82.25
federal grant for small business,0,4,0%,87
us entrepreneurship funding boom,0,3,0%,1.67
new business grants for women,0,3,0%,4.33
womens business grants,0,3,0%,6.67
"nsf america's seed fund phase i up to $305,000 phase ii up to $1.25 million 
2026",0,3,0%,8.33
north carolina k12 education finance software funding,0,3,0%,8.67
fsi hub,0,3,0%,9.33
america's seed fund nsf sbir phase i funding amount 2026,0,3,0%,10
nsf america's seed fund phase i funding amount 2026,0,3,0%,10
chicago illinois small business grants ai innovation 2026,0,3,0%,10.33
small business grants new york 2026,0,3,0%,10.33
ai startup funding june 2026,0,3,0%,11
funding for women owned businesses,0,3,0%,11
grants for veterans canada,0,3,0%,11.67
canadian women entrepreneurs federal funding,0,3,0%,12.33
federal programs canada,0,3,0%,12.33
small business grants new york state 2026,0,3,0%,14.33
grand rapids startup fundraising,0,3,0%,15
ubco manufacturing engineering funding,0,3,0%,16
amber grant application example,0,3,0%,17
small business grants nova scotia,0,3,0%,17
startup new york program,0,3,0%,17.33
funding for technology,0,3,0%,18.33
start up ny program,0,3,0%,18.33
non profit assistance,0,3,0%,19
national science foundation sbir,0,3,0%,20
erp software for smes surrey,0,3,0%,22.33
new york state grants,0,3,0%,23.67
quebec city grants,0,3,0%,24
grants in washington state,0,3,0%,24.67
health science funding new york,0,3,0%,24.67
health grants canada,0,3,0%,25
women entrepreneurs funding,0,3,0%,25.67
bdc small business loan,0,3,0%,26.33
nasa startup program,0,3,0%,26.67
grants in asheville nc,0,3,0%,27.33
ngo funding,0,3,0%,27.33
startup business loans minneapolis mn,0,3,0%,28
youth entrepreneurship grants,0,3,0%,28.33
canada government funding,0,3,0%,29
small business grants in mn,0,3,0%,29.33
young entrepreneurs grant,0,3,0%,30
renewable energy grants canada,0,3,0%,30.33
aerospace development grants,0,3,0%,30.67
government of canada grants and contributions,0,3,0%,31.33
innovation canada grants,0,3,0%,32
tech startup grants,0,3,0%,32.33
green energy grants canada,0,3,0%,33.33
manufacturing innovation funding canada,0,3,0%,33.33
grants vancouver,0,3,0%,33.67
non profit grants bc,0,3,0%,33.67
government grants for women,0,3,0%,34
accelerators that don t take equity,0,3,0%,35.33
federal funding application process,0,3,0%,35.67
federal government funding,0,3,0%,35.67
federal grant,0,3,0%,35.67
sba women owned business grants,0,3,0%,35.67
canadian government grants and loans,0,3,0%,36
tech innovation vancouver island,0,3,0%,36
vancouver grants,0,3,0%,36
bc grants for nonprofit organizations,0,3,0%,36.33
canadian government grants never repay,0,3,0%,36.33
university at buffalo business funding opportunities,0,3,0%,37
united states grants,0,3,0%,37.67
federal government small business grants,0,3,0%,38.33
illinois edge program,0,3,0%,38.33
service canada grants,0,3,0%,38.33
ny state small business grants,0,3,0%,39
winnipeg foundation grants,0,3,0%,39
canadian grants for women,0,3,0%,40.33
csbfp interest rate,0,3,0%,40.67
operating grants for nonprofit organizations,0,3,0%,41
government funding for tech startups,0,3,0%,41.33
federal government grant money,0,3,0%,42
missouri business grants,0,3,0%,42.33
funding programs for software development,0,3,0%,42.67
young entrepreneurs under 18,0,3,0%,43
business grants for startups,0,3,0%,43.33
aboriginal grants for starting a business alberta,0,3,0%,43.67
apply for a grant canada,0,3,0%,44.33
girls technology education grant,0,3,0%,44.33
bdc loan,0,3,0%,45
funding for employers in richmond va,0,3,0%,45.33
canada r&d,0,3,0%,45.67
iowa business grants,0,3,0%,45.67
small business grants houston,0,3,0%,45.67
alberta government small business grants,0,3,0%,46
grants for small businesses mn,0,3,0%,46.33
research and development grants,0,3,0%,46.33
federal government grant program,0,3,0%,47
energy grants canada,0,3,0%,47.33
new business grants,0,3,0%,47.33
canadian government business loan,0,3,0%,48
alberta business grants and funding,0,3,0%,48.33
government of canada small business loan,0,3,0%,48.67
canada new business grants,0,3,0%,49
oregon small business grants,0,3,0%,49.33
biotech project funding,0,3,0%,49.67
new business grants canada,0,3,0%,49.67
small business loan canada government,0,3,0%,49.67
canadian business grant,0,3,0%,50
small business loans for bipoc,0,3,0%,50
youth entrepreneurship program,0,3,0%,50
government backed small business loans,0,3,0%,50.33
nonprofit funding,0,3,0%,50.33
state of missouri small business grants,0,3,0%,50.33
young entrepreneurs loan,0,3,0%,50.67
small business grant,0,3,0%,51
business funding alberta,0,3,0%,51.33
california competes tax credit,0,3,0%,51.33
goverment funding,0,3,0%,51.33
canadian business funding,0,3,0%,51.67
government startup grants,0,3,0%,51.67
grant funding for innovation,0,3,0%,51.67
oregon grants for small business,0,3,0%,51.67
iowa business incentives,0,3,0%,52
business expansion financing,0,3,0%,52.33
entrepreneurship grants canada,0,3,0%,52.33
funding for canadian businesses,0,3,0%,52.33
grants from government,0,3,0%,52.33
federal funding help,0,3,0%,53.33
the canada small business financing program,0,3,0%,53.33
indigenous business loans,0,3,0%,53.67
first nation entrepreneurs,0,3,0%,54
washington state small business grants,0,3,0%,54
women entrepreneurship programs california,0,3,0%,54
startup grants canada,0,3,0%,54.67
csfbl,0,3,0%,55.33
self employed grants canada,0,3,0%,55.33
small business grants alberta canada,0,3,0%,55.33
grants for entrepreneurs canada,0,3,0%,55.67
loan for young entrepreneurs,0,3,0%,56
small business loans canada government,0,3,0%,56
youth empowerment in canada,0,3,0%,56
grants usa,0,3,0%,56.67
new business grants bc,0,3,0%,57
canada small business finance program,0,3,0%,57.33
newcomer loan canada,0,3,0%,57.33
canadian grants for small businesses,0,3,0%,57.67
sme grant funding canada,0,3,0%,57.67
grants for canadian businesses,0,3,0%,58
canada funding programs for software development,0,3,0%,58.33
business government grants,0,3,0%,58.67
rbc canada small business financing program,0,3,0%,58.67
grants for business canada,0,3,0%,59
small business incentives 2026,0,3,0%,59
business funding options 2026,0,3,0%,59.67
canadian small business loan program,0,3,0%,59.67
small business funding in vermont,0,3,0%,59.67
tax incentives iowa businesses,0,3,0%,60.33
funding for manufacturing business,0,3,0%,61
business research funding,0,3,0%,61.33
govt grants for small business,0,3,0%,61.67
corpus christi startups investing,0,3,0%,62.67
metis business grants alberta,0,3,0%,62.67
csbfl loan requirements,0,3,0%,63
small business financing alberta,0,3,0%,63
what is a grant from the government,0,3,0%,63
guaranteed business loan,0,3,0%,63.33
small business support canada,0,3,0%,63.33
grant for small business bc,0,3,0%,63.67
iowa small business,0,3,0%,64
grants for small businesses iowa,0,3,0%,64.33
new york small business grants,0,3,0%,64.67
grants for new businesses canada,0,3,0%,65
government grant to start small business,0,3,0%,65.33
small business financing 2025,0,3,0%,65.33
state of iowa small business grants,0,3,0%,66
funders for startup,0,3,0%,67
small business capital funding,0,3,0%,67.67
business loan woman,0,3,0%,68.33
small business funding in oregon,0,3,0%,68.33
state of wisconsin small business grants,0,3,0%,69.33
business grants for small business,0,3,0%,69.67
grants to small businesses,0,3,0%,69.67
business loan women,0,3,0%,70.33
business loans alberta,0,3,0%,70.33
grow your business grant,0,3,0%,70.33
subvention femme entrepreneur québec,0,3,0%,71
what support is available for startup founders on regulatory changes?,0,3,0%,71.33
tax incentives iowa business,0,3,0%,72
small business loans grants,0,3,0%,73
grants for startup business,0,3,0%,74
grant money for startups,0,3,0%,74.67
grant proposals,0,3,0%,74.67
small business grants from the federal government,0,3,0%,74.67
types of business funding and loans 2026,0,3,0%,75.33
sba grants for small business,0,3,0%,75.67
sba loan,0,3,0%,75.67
local grants for nonprofits,0,3,0%,77
government grant for small business,0,3,0%,77.33
funds for small businesses,0,3,0%,78
growth funding for smes,0,3,0%,78.33
semiconductor and medical device startups recent series b funding 2026,0,3,0%,78.33
revenue solutions for canadian startups,0,3,0%,78.67
grants for starting a business,0,3,0%,79
"what is the process for applying and securing government grants for my 
small business",0,3,0%,79.33
how to apply for government grants for small business,0,3,0%,79.67
business start up funding,0,3,0%,80.67
small business funding options,0,3,0%,81.33
ai grants,0,3,0%,83
digital fsop,0,3,0%,85
how do i get federal grants for small business,0,3,0%,85.33
grants for immigrants to start a business,0,3,0%,97.33
end of q4 2026,0,2,0%,1
enterprise grant,0,2,0%,1
free aboriginal grants for starting a business in canada,0,2,0%,1
veterans grants 2026,0,2,0%,2
"""edtech with adventures"" 5000 grant",0,2,0%,2.5
"""north carolina"" technology innovation grants",0,2,0%,3
women grant,0,2,0%,3
grants for social enterprises,0,2,0%,3.5
fsi application,0,2,0%,4
grants restaurant,0,2,0%,4.5
sdf funding 2026,0,2,0%,4.5
"""edtech with adventures"" grant 5000",0,2,0%,5.5
funding available for nonprofit organizations,0,2,0%,5.5
provincial grants for non profit organizations,0,2,0%,5.5
veteran small business grants,0,2,0%,5.5
california ibank small business loan guarantee program 2026,0,2,0%,6
fsi enterprise,0,2,0%,6
fsi log4,0,2,0%,6
fsi og,0,2,0%,6
women startup grants,0,2,0%,6
edtech startup grants and fellowships 2026 application deadline,0,2,0%,6.5
grants for veterans,0,2,0%,6.5
"startup tech funding announcements -site:youtube.com -site:reddit.com 
-site:x.com -site:twitter.com -site:facebook.com -site:instagram.com 
-site:tiktok.com -site:linkedin.com -site:pinterest.com -site:nytimes.com 
-site:wsj.com -site:yelp.com -site:rottentomatoes.com",0,2,0%,6.5
doe grants,0,2,0%,7
female grant agent name list,0,2,0%,7
grants for restaurants,0,2,0%,7.5
california small business loan guarantee program official 2026,0,2,0%,8
grant calculator,0,2,0%,8
"""jobsohio inclusion grant"" ""$500,000""",0,2,0%,8.5
ai for science machine learning research grants startups india 2026,0,2,0%,9