URL,Last crawled
https://www.fsidigital.ca/grants/ab/airdrie,1970-01-01
https://www.fsidigital.ca/grants/ab/airdrie/construction,1970-01-01
https://www.fsidigital.ca/grants/ab/airdrie/education,1970-01-01
https://www.fsidigital.ca/grants/ab/airdrie/healthcare,1970-01-01
https://www.fsidigital.ca/grants/ab/airdrie/manufacturing,1970-01-01
https://www.fsidigital.ca/grants/ab/airdrie/non-profits,1970-01-01
https://www.fsidigital.ca/grants/ab/airdrie/technology,1970-01-01
https://www.fsidigital.ca/grants/ab/airdrie/veterans,1970-01-01
https://www.fsidigital.ca/grants/ab/fort-mcmurray/clean-energy,1970-01-01
https://www.fsidigital.ca/grants/ab/fort-mcmurray/education,1970-01-01
https://www.fsidigital.ca/grants/ab/fort-mcmurray/healthcare,1970-01-01
https://www.fsidigital.ca/grants/ab/fort-mcmurray/non-profits,1970-01-01
https://www.fsidigital.ca/grants/ab/fort-mcmurray/women-entrepreneurs,1970-01-01
https://www.fsidigital.ca/grants/ab/grande-prairie,1970-01-01
https://www.fsidigital.ca/grants/ab/grande-prairie/agriculture,1970-01-01
https://www.fsidigital.ca/grants/ab/grande-prairie/arts-entertainment,1970-01-01
https://www.fsidigital.ca/grants/ab/grande-prairie/clean-energy,1970-01-01
https://www.fsidigital.ca/grants/ab/grande-prairie/non-profits,1970-01-01
https://www.fsidigital.ca/grants/ab/grande-prairie/restaurants-hospitality,1970-01-01
https://www.fsidigital.ca/grants/ab/grande-prairie/retail,1970-01-01
https://www.fsidigital.ca/grants/ab/grande-prairie/technology,1970-01-01
https://www.fsidigital.ca/grants/ab/leduc,1970-01-01
https://www.fsidigital.ca/grants/ab/leduc/arts-entertainment,1970-01-01
https://www.fsidigital.ca/grants/ab/leduc/minority-owned,1970-01-01
https://www.fsidigital.ca/grants/ab/leduc/restaurants-hospitality,1970-01-01
https://www.fsidigital.ca/grants/ab/leduc/veterans,1970-01-01
https://www.fsidigital.ca/grants/ab/spruce-grove/clean-energy,1970-01-01
https://www.fsidigital.ca/grants/ab/spruce-grove/construction,1970-01-01
https://www.fsidigital.ca/grants/ab/spruce-grove/education,1970-01-01
https://www.fsidigital.ca/grants/ab/spruce-grove/healthcare,1970-01-01
https://www.fsidigital.ca/grants/ab/spruce-grove/minority-owned,1970-01-01
https://www.fsidigital.ca/grants/ab/spruce-grove/restaurants-hospitality,1970-01-01
https://www.fsidigital.ca/grants/ab/spruce-grove/technology,1970-01-01
https://www.fsidigital.ca/grants/ak/anchorage/logistics,1970-01-01
https://www.fsidigital.ca/grants/az/chandler/construction,1970-01-01
https://www.fsidigital.ca/grants/az/chandler/manufacturing,1970-01-01
https://www.fsidigital.ca/grants/az/chandler/restaurants-hospitality,1970-01-01
https://www.fsidigital.ca/grants/az/glendale-az/non-profits,1970-01-01
https://www.fsidigital.ca/grants/az/glendale-az/restaurants-hospitality,1970-01-01
https://www.fsidigital.ca/grants/az/glendale-az/retail,1970-01-01
https://www.fsidigital.ca/grants/az/glendale-az/veterans,1970-01-01
https://www.fsidigital.ca/grants/az/mesa/construction,1970-01-01
https://www.fsidigital.ca/grants/az/mesa/education,1970-01-01
https://www.fsidigital.ca/grants/az/mesa/healthcare,1970-01-01
https://www.fsidigital.ca/grants/az/mesa/manufacturing,1970-01-01
https://www.fsidigital.ca/grants/az/mesa/minority-owned,1970-01-01
https://www.fsidigital.ca/grants/az/mesa/restaurants-hospitality,1970-01-01
https://www.fsidigital.ca/grants/az/mesa/technology,1970-01-01
https://www.fsidigital.ca/grants/az/peoria-az/agriculture,1970-01-01
https://www.fsidigital.ca/grants/az/peoria-az/healthcare,1970-01-01
https://www.fsidigital.ca/grants/az/peoria-az/manufacturing,1970-01-01
https://www.fsidigital.ca/grants/az/peoria-az/retail,1970-01-01
https://www.fsidigital.ca/grants/az/peoria-az/women-entrepreneurs,1970-01-01
https://www.fsidigital.ca/grants/az/scottsdale/restaurants-hospitality,1970-01-01
https://www.fsidigital.ca/grants/az/surprise/logistics,1970-01-01
https://www.fsidigital.ca/grants/az/surprise/non-profits,1970-01-01
https://www.fsidigital.ca/grants/az/surprise/technology,1970-01-01
https://www.fsidigital.ca/grants/az/surprise/veterans,1970-01-01
https://www.fsidigital.ca/grants/az/tempe/arts-entertainment,1970-01-01
https://www.fsidigital.ca/grants/az/tempe/clean-energy,1970-01-01
https://www.fsidigital.ca/grants/az/tempe/logistics,1970-01-01
https://www.fsidigital.ca/grants/az/tempe/retail,1970-01-01
https://www.fsidigital.ca/grants/bc/chilliwack/clean-energy,1970-01-01
https://www.fsidigital.ca/grants/bc/chilliwack/construction,1970-01-01
https://www.fsidigital.ca/grants/bc/chilliwack/logistics,1970-01-01
https://www.fsidigital.ca/grants/bc/chilliwack/manufacturing,1970-01-01
https://www.fsidigital.ca/grants/bc/chilliwack/restaurants-hospitality,1970-01-01
https://www.fsidigital.ca/grants/bc/delta/construction,1970-01-01
https://www.fsidigital.ca/grants/bc/delta/manufacturing,1970-01-01
https://www.fsidigital.ca/grants/bc/delta/minority-owned,1970-01-01
https://www.fsidigital.ca/grants/bc/delta/retail,1970-01-01
https://www.fsidigital.ca/grants/bc/kamloops/veterans,1970-01-01
https://www.fsidigital.ca/grants/bc/new-westminster/clean-energy,1970-01-01
https://www.fsidigital.ca/grants/bc/new-westminster/non-profits,1970-01-01
https://www.fsidigital.ca/grants/bc/new-westminster/retail,1970-01-01
https://www.fsidigital.ca/grants/bc/port-coquitlam/clean-energy,1970-01-01
https://www.fsidigital.ca/grants/bc/port-coquitlam/manufacturing,1970-01-01
https://www.fsidigital.ca/grants/bc/port-coquitlam/minority-owned,1970-01-01
https://www.fsidigital.ca/grants/bc/port-coquitlam/non-profits,1970-01-01
https://www.fsidigital.ca/grants/bc/port-coquitlam/women-entrepreneurs,1970-01-01
https://www.fsidigital.ca/grants/bc/prince-george/arts-entertainment,1970-01-01
https://www.fsidigital.ca/grants/bc/prince-george/education,1970-01-01
https://www.fsidigital.ca/grants/bc/prince-george/restaurants-hospitality,1970-01-01
https://www.fsidigital.ca/grants/bc/prince-george/veterans,1970-01-01
https://www.fsidigital.ca/grants/bc/richmond-bc,1970-01-01
https://www.fsidigital.ca/grants/bc/richmond-bc/arts-entertainment,1970-01-01
https://www.fsidigital.ca/grants/bc/richmond-bc/manufacturing,1970-01-01
https://www.fsidigital.ca/grants/bc/richmond-bc/minority-owned,1970-01-01
https://www.fsidigital.ca/grants/bc/richmond-bc/restaurants-hospitality,1970-01-01
https://www.fsidigital.ca/grants/bc/richmond-bc/women-entrepreneurs,1970-01-01
https://www.fsidigital.ca/grants/ca/berkeley,1970-01-01
https://www.fsidigital.ca/grants/ca/berkeley/arts-entertainment,1970-01-01
https://www.fsidigital.ca/grants/ca/berkeley/clean-energy,1970-01-01
https://www.fsidigital.ca/grants/ca/berkeley/restaurants-hospitality,1970-01-01
https://www.fsidigital.ca/grants/ca/berkeley/retail,1970-01-01
https://www.fsidigital.ca/grants/ca/berkeley/technology,1970-01-01
https://www.fsidigital.ca/grants/ca/concord/arts-entertainment,1970-01-01
https://www.fsidigital.ca/grants/ca/concord/construction,1970-01-01
https://www.fsidigital.ca/grants/ca/concord/logistics,1970-01-01
https://www.fsidigital.ca/grants/ca/concord/manufacturing,1970-01-01
https://www.fsidigital.ca/grants/ca/concord/minority-owned,1970-01-01
https://www.fsidigital.ca/grants/ca/concord/retail,1970-01-01
https://www.fsidigital.ca/grants/ca/concord/women-entrepreneurs,1970-01-01
https://www.fsidigital.ca/grants/ca/costa-mesa/construction,1970-01-01
https://www.fsidigital.ca/grants/ca/costa-mesa/education,1970-01-01
https://www.fsidigital.ca/grants/ca/costa-mesa/healthcare,1970-01-01
https://www.fsidigital.ca/grants/ca/costa-mesa/logistics,1970-01-01
https://www.fsidigital.ca/grants/ca/costa-mesa/manufacturing,1970-01-01
https://www.fsidigital.ca/grants/ca/costa-mesa/women-entrepreneurs,1970-01-01
https://www.fsidigital.ca/grants/ca/downey/agriculture,1970-01-01
https://www.fsidigital.ca/grants/ca/downey/clean-energy,1970-01-01
https://www.fsidigital.ca/grants/ca/downey/education,1970-01-01
https://www.fsidigital.ca/grants/ca/downey/healthcare,1970-01-01
https://www.fsidigital.ca/grants/ca/downey/veterans,1970-01-01
https://www.fsidigital.ca/grants/ca/el-monte,1970-01-01
https://www.fsidigital.ca/grants/ca/el-monte/arts-entertainment,1970-01-01
https://www.fsidigital.ca/grants/ca/el-monte/manufacturing,1970-01-01
https://www.fsidigital.ca/grants/ca/el-monte/minority-owned,1970-01-01
https://www.fsidigital.ca/grants/ca/el-monte/restaurants-hospitality,1970-01-01
https://www.fsidigital.ca/grants/ca/el-monte/veterans,1970-01-01
https://www.fsidigital.ca/grants/ca/escondido/agriculture,1970-01-01
https://www.fsidigital.ca/grants/ca/escondido/construction,1970-01-01
https://www.fsidigital.ca/grants/ca/escondido/healthcare,1970-01-01
https://www.fsidigital.ca/grants/ca/escondido/minority-owned,1970-01-01
https://www.fsidigital.ca/grants/ca/escondido/technology,1970-01-01
https://www.fsidigital.ca/grants/ca/fairfield/clean-energy,1970-01-01
https://www.fsidigital.ca/grants/ca/fairfield/healthcare,1970-01-01
https://www.fsidigital.ca/grants/ca/fairfield/manufacturing,1970-01-01
https://www.fsidigital.ca/grants/ca/fairfield/restaurants-hospitality,1970-01-01
https://www.fsidigital.ca/grants/ca/fontana,1970-01-01
https://www.fsidigital.ca/grants/ca/fontana/construction,1970-01-01
https://www.fsidigital.ca/grants/ca/fontana/minority-owned,1970-01-01
https://www.fsidigital.ca/grants/ca/fullerton/agriculture,1970-01-01
https://www.fsidigital.ca/grants/ca/fullerton/arts-entertainment,1970-01-01
https://www.fsidigital.ca/grants/ca/fullerton/clean-energy,1970-01-01
https://www.fsidigital.ca/grants/ca/fullerton/construction,1970-01-01
https://www.fsidigital.ca/grants/ca/fullerton/minority-owned,1970-01-01
https://www.fsidigital.ca/grants/ca/fullerton/non-profits,1970-01-01
https://www.fsidigital.ca/grants/ca/fullerton/restaurants-hospitality,1970-01-01
https://www.fsidigital.ca/grants/ca/fullerton/retail,1970-01-01
https://www.fsidigital.ca/grants/ca/fullerton/technology,1970-01-01
https://www.fsidigital.ca/grants/ca/fullerton/veterans,1970-01-01
https://www.fsidigital.ca/grants/ca/fullerton/women-entrepreneurs,1970-01-01
https://www.fsidigital.ca/grants/ca/garden-grove/arts-entertainment,1970-01-01
https://www.fsidigital.ca/grants/ca/garden-grove/education,1970-01-01
https://www.fsidigital.ca/grants/ca/garden-grove/logistics,1970-01-01
https://www.fsidigital.ca/grants/ca/garden-grove/manufacturing,1970-01-01
https://www.fsidigital.ca/grants/ca/garden-grove/veterans,1970-01-01
https://www.fsidigital.ca/grants/ca/garden-grove/women-entrepreneurs,1970-01-01
https://www.fsidigital.ca/grants/ca/glendale-ca/agriculture,1970-01-01
https://www.fsidigital.ca/grants/ca/glendale-ca/arts-entertainment,1970-01-01
https://www.fsidigital.ca/grants/ca/glendale-ca/logistics,1970-01-01
https://www.fsidigital.ca/grants/ca/glendale-ca/manufacturing,1970-01-01
https://www.fsidigital.ca/grants/ca/glendale-ca/non-profits,1970-01-01
https://www.fsidigital.ca/grants/ca/glendale-ca/retail,1970-01-01
https://www.fsidigital.ca/grants/ca/huntington-beach/agriculture,1970-01-01
https://www.fsidigital.ca/grants/ca/huntington-beach/logistics,1970-01-01
https://www.fsidigital.ca/grants/ca/huntington-beach/retail,1970-01-01
https://www.fsidigital.ca/grants/ca/huntington-beach/technology,1970-01-01
https://www.fsidigital.ca/grants/ca/inglewood/agriculture,1970-01-01
https://www.fsidigital.ca/grants/ca/inglewood/construction,1970-01-01
https://www.fsidigital.ca/grants/ca/inglewood/education,1970-01-01
https://www.fsidigital.ca/grants/ca/inglewood/manufacturing,1970-01-01
https://www.fsidigital.ca/grants/ca/inglewood/minority-owned,1970-01-01
https://www.fsidigital.ca/grants/ca/inglewood/restaurants-hospitality,1970-01-01
https://www.fsidigital.ca/grants/ca/inglewood/retail,1970-01-01
https://www.fsidigital.ca/grants/ca/inglewood/women-entrepreneurs,1970-01-01
https://www.fsidigital.ca/grants/ca/lancaster/education,1970-01-01
https://www.fsidigital.ca/grants/ca/lancaster/manufacturing,1970-01-01
https://www.fsidigital.ca/grants/ca/lancaster/retail,1970-01-01
https://www.fsidigital.ca/grants/ca/lancaster/technology,1970-01-01
https://www.fsidigital.ca/grants/ca/lancaster/veterans,1970-01-01
https://www.fsidigital.ca/grants/ca/modesto/agriculture,1970-01-01
https://www.fsidigital.ca/grants/ca/modesto/arts-entertainment,1970-01-01
https://www.fsidigital.ca/grants/ca/norwalk/agriculture,1970-01-01
https://www.fsidigital.ca/grants/ca/norwalk/construction,1970-01-01
https://www.fsidigital.ca/grants/ca/norwalk/logistics,1970-01-01
https://www.fsidigital.ca/grants/ca/norwalk/manufacturing,1970-01-01
https://www.fsidigital.ca/grants/ca/norwalk/non-profits,1970-01-01
https://www.fsidigital.ca/grants/ca/oceanside/clean-energy,1970-01-01
https://www.fsidigital.ca/grants/ca/oceanside/construction,1970-01-01
https://www.fsidigital.ca/grants/ca/oceanside/healthcare,1970-01-01
https://www.fsidigital.ca/grants/ca/oceanside/minority-owned,1970-01-01
https://www.fsidigital.ca/grants/ca/oceanside/restaurants-hospitality,1970-01-01
https://www.fsidigital.ca/grants/ca/ontario-ca/clean-energy,1970-01-01
https://www.fsidigital.ca/grants/ca/ontario-ca/construction,1970-01-01
https://www.fsidigital.ca/grants/ca/ontario-ca/education,1970-01-01
https://www.fsidigital.ca/grants/ca/ontario-ca/logistics,1970-01-01
https://www.fsidigital.ca/grants/ca/ontario-ca/non-profits,1970-01-01
https://www.fsidigital.ca/grants/ca/ontario-ca/technology,1970-01-01
https://www.fsidigital.ca/grants/ca/ontario-ca/veterans,1970-01-01
https://www.fsidigital.ca/grants/ca/orange/education,1970-01-01
https://www.fsidigital.ca/grants/ca/orange/manufacturing,1970-01-01
https://www.fsidigital.ca/grants/ca/orange/technology,1970-01-01
https://www.fsidigital.ca/grants/ca/orange/veterans,1970-01-01
https://www.fsidigital.ca/grants/ca/orange/women-entrepreneurs,1970-01-01
https://www.fsidigital.ca/grants/ca/oxnard/healthcare,1970-01-01
https://www.fsidigital.ca/grants/ca/oxnard/non-profits,1970-01-01
https://www.fsidigital.ca/grants/ca/oxnard/technology,1970-01-01
https://www.fsidigital.ca/grants/ca/oxnard/veterans,1970-01-01
https://www.fsidigital.ca/grants/ca/palmdale,1970-01-01
https://www.fsidigital.ca/grants/ca/palmdale/clean-energy,1970-01-01
https://www.fsidigital.ca/grants/ca/palmdale/construction,1970-01-01
https://www.fsidigital.ca/grants/ca/palmdale/healthcare,1970-01-01
https://www.fsidigital.ca/grants/ca/palmdale/restaurants-hospitality,1970-01-01
https://www.fsidigital.ca/grants/ca/palmdale/veterans,1970-01-01
https://www.fsidigital.ca/grants/ca/pasadena-ca/agriculture,1970-01-01
https://www.fsidigital.ca/grants/ca/pasadena-ca/construction,1970-01-01
https://www.fsidigital.ca/grants/ca/pasadena-ca/healthcare,1970-01-01
https://www.fsidigital.ca/grants/ca/pasadena-ca/retail,1970-01-01
https://www.fsidigital.ca/grants/ca/pomona/manufacturing,1970-01-01
https://www.fsidigital.ca/grants/ca/pomona/minority-owned,1970-01-01
https://www.fsidigital.ca/grants/ca/pomona/retail,1970-01-01
https://www.fsidigital.ca/grants/ca/pomona/technology,1970-01-01
https://www.fsidigital.ca/grants/ca/rancho-cucamonga/agriculture,1970-01-01
https://www.fsidigital.ca/grants/ca/rancho-cucamonga/construction,1970-01-01
https://www.fsidigital.ca/grants/ca/rancho-cucamonga/minority-owned,1970-01-01
https://www.fsidigital.ca/grants/ca/rancho-cucamonga/non-profits,1970-01-01
https://www.fsidigital.ca/grants/ca/rancho-cucamonga/technology,1970-01-01
https://www.fsidigital.ca/grants/ca/roseville/agriculture,1970-01-01
https://www.fsidigital.ca/grants/ca/roseville/arts-entertainment,1970-01-01
https://www.fsidigital.ca/grants/ca/roseville/logistics,1970-01-01
https://www.fsidigital.ca/grants/ca/roseville/manufacturing,1970-01-01
https://www.fsidigital.ca/grants/ca/roseville/retail,1970-01-01
https://www.fsidigital.ca/grants/ca/salinas/healthcare,1970-01-01
https://www.fsidigital.ca/grants/ca/san-bernardino/restaurants-hospitality,1970-01-01
https://www.fsidigital.ca/grants/ca/san-bernardino/retail,1970-01-01
https://www.fsidigital.ca/grants/ca/san-bernardino/veterans,1970-01-01
https://www.fsidigital.ca/grants/ca/santa-clara/agriculture,1970-01-01
https://www.fsidigital.ca/grants/ca/santa-clara/clean-energy,1970-01-01
https://www.fsidigital.ca/grants/ca/santa-clara/logistics,1970-01-01
https://www.fsidigital.ca/grants/ca/santa-clara/manufacturing,1970-01-01
https://www.fsidigital.ca/grants/ca/santa-clara/restaurants-hospitality,1970-01-01
https://www.fsidigital.ca/grants/ca/santa-clarita/clean-energy,1970-01-01
https://www.fsidigital.ca/grants/ca/santa-clarita/construction,1970-01-01
https://www.fsidigital.ca/grants/ca/santa-clarita/education,1970-01-01
https://www.fsidigital.ca/grants/ca/santa-clarita/logistics,1970-01-01
https://www.fsidigital.ca/grants/ca/santa-clarita/women-entrepreneurs,1970-01-01
https://www.fsidigital.ca/grants/ca/santa-rosa/arts-entertainment,1970-01-01
https://www.fsidigital.ca/grants/ca/santa-rosa/clean-energy,1970-01-01
https://www.fsidigital.ca/grants/ca/santa-rosa/construction,1970-01-01
https://www.fsidigital.ca/grants/ca/simi-valley,1970-01-01
https://www.fsidigital.ca/grants/ca/simi-valley/clean-energy,1970-01-01
https://www.fsidigital.ca/grants/ca/simi-valley/logistics,1970-01-01
https://www.fsidigital.ca/grants/ca/simi-valley/women-entrepreneurs,1970-01-01
https://www.fsidigital.ca/grants/ca/stockton/clean-energy,1970-01-01
https://www.fsidigital.ca/grants/ca/stockton/construction,1970-01-01
https://www.fsidigital.ca/grants/ca/stockton/restaurants-hospitality,1970-01-01
https://www.fsidigital.ca/grants/ca/sunnyvale,1970-01-01
https://www.fsidigital.ca/grants/ca/sunnyvale/arts-entertainment,1970-01-01
https://www.fsidigital.ca/grants/ca/sunnyvale/clean-energy,1970-01-01
https://www.fsidigital.ca/grants/ca/sunnyvale/construction,1970-01-01
https://www.fsidigital.ca/grants/ca/sunnyvale/logistics,1970-01-01
https://www.fsidigital.ca/grants/ca/sunnyvale/minority-owned,1970-01-01
https://www.fsidigital.ca/grants/ca/sunnyvale/restaurants-hospitality,1970-01-01
https://www.fsidigital.ca/grants/ca/sunnyvale/retail,1970-01-01
https://www.fsidigital.ca/grants/ca/thousand-oaks/arts-entertainment,1970-01-01
https://www.fsidigital.ca/grants/ca/thousand-oaks/retail,1970-01-01
https://www.fsidigital.ca/grants/ca/thousand-oaks/technology,1970-01-01
https://www.fsidigital.ca/grants/ca/thousand-oaks/veterans,1970-01-01
https://www.fsidigital.ca/grants/ca/thousand-oaks/women-entrepreneurs,1970-01-01
https://www.fsidigital.ca/grants/ca/torrance/agriculture,1970-01-01
https://www.fsidigital.ca/grants/ca/torrance/arts-entertainment,1970-01-01
https://www.fsidigital.ca/grants/ca/torrance/construction,1970-01-01
https://www.fsidigital.ca/grants/ca/torrance/education,1970-01-01
https://www.fsidigital.ca/grants/ca/torrance/manufacturing,1970-01-01
https://www.fsidigital.ca/grants/ca/torrance/retail,1970-01-01
https://www.fsidigital.ca/grants/ca/torrance/veterans,1970-01-01
https://www.fsidigital.ca/grants/ca/vallejo/arts-entertainment,1970-01-01
https://www.fsidigital.ca/grants/ca/vallejo/education,1970-01-01
https://www.fsidigital.ca/grants/ca/vallejo/healthcare,1970-01-01
https://www.fsidigital.ca/grants/ca/vallejo/logistics,1970-01-01
https://www.fsidigital.ca/grants/ca/vallejo/manufacturing,1970-01-01
https://www.fsidigital.ca/grants/ca/victorville/arts-entertainment,1970-01-01
https://www.fsidigital.ca/grants/ca/victorville/clean-energy,1970-01-01
https://www.fsidigital.ca/grants/ca/victorville/education,1970-01-01
https://www.fsidigital.ca/grants/ca/victorville/healthcare,1970-01-01
https://www.fsidigital.ca/grants/ca/victorville/minority-owned,1970-01-01
https://www.fsidigital.ca/grants/ca/victorville/retail,1970-01-01
https://www.fsidigital.ca/grants/ca/visalia/clean-energy,1970-01-01
https://www.fsidigital.ca/grants/ca/visalia/education,1970-01-01
https://www.fsidigital.ca/grants/ca/visalia/retail,1970-01-01
https://www.fsidigital.ca/grants/ca/visalia/veterans,1970-01-01
https://www.fsidigital.ca/grants/ca/west-covina/veterans,1970-01-01
https://www.fsidigital.ca/grants/ca/west-covina/women-entrepreneurs,1970-01-01
https://www.fsidigital.ca/grants/co/arvada/construction,1970-01-01
https://www.fsidigital.ca/grants/co/arvada/manufacturing,1970-01-01
https://www.fsidigital.ca/grants/co/arvada/retail,1970-01-01
https://www.fsidigital.ca/grants/co/arvada/technology,1970-01-01
https://www.fsidigital.ca/grants/co/aurora-co/agriculture,1970-01-01
https://www.fsidigital.ca/grants/co/aurora-co/clean-energy,1970-01-01
https://www.fsidigital.ca/grants/co/aurora-co/education,1970-01-01
https://www.fsidigital.ca/grants/co/aurora-co/healthcare,1970-01-01
https://www.fsidigital.ca/grants/co/aurora-co/logistics,1970-01-01
https://www.fsidigital.ca/grants/co/aurora-co/veterans,1970-01-01
https://www.fsidigital.ca/grants/co/aurora-co/women-entrepreneurs,1970-01-01
https://www.fsidigital.ca/grants/co/fort-collins/arts-entertainment,1970-01-01
https://www.fsidigital.ca/grants/co/fort-collins/healthcare,1970-01-01
https://www.fsidigital.ca/grants/co/fort-collins/logistics,1970-01-01
https://www.fsidigital.ca/grants/co/fort-collins/minority-owned,1970-01-01
https://www.fsidigital.ca/grants/co/fort-collins/non-profits,1970-01-01
https://www.fsidigital.ca/grants/co/lakewood,1970-01-01
https://www.fsidigital.ca/grants/co/lakewood/arts-entertainment,1970-01-01
https://www.fsidigital.ca/grants/co/lakewood/minority-owned,1970-01-01
https://www.fsidigital.ca/grants/co/lakewood/retail,1970-01-01
https://www.fsidigital.ca/grants/co/lakewood/technology,1970-01-01
https://www.fsidigital.ca/grants/co/lakewood/veterans,1970-01-01
https://www.fsidigital.ca/grants/co/lakewood/women-entrepreneurs,1970-01-01
https://www.fsidigital.ca/grants/co/pueblo/logistics,1970-01-01
https://www.fsidigital.ca/grants/co/pueblo/technology,1970-01-01
https://www.fsidigital.ca/grants/co/pueblo/veterans,1970-01-01
https://www.fsidigital.ca/grants/co/thornton/arts-entertainment,1970-01-01
https://www.fsidigital.ca/grants/co/thornton/education,1970-01-01
https://www.fsidigital.ca/grants/co/thornton/logistics,1970-01-01
https://www.fsidigital.ca/grants/co/thornton/manufacturing,1970-01-01
https://www.fsidigital.ca/grants/co/thornton/minority-owned,1970-01-01
https://www.fsidigital.ca/grants/co/thornton/retail,1970-01-01
https://www.fsidigital.ca/grants/co/westminster/healthcare,1970-01-01
https://www.fsidigital.ca/grants/co/westminster/logistics,1970-01-01
https://www.fsidigital.ca/grants/co/westminster/minority-owned,1970-01-01
https://www.fsidigital.ca/grants/co/westminster/non-profits,1970-01-01
https://www.fsidigital.ca/grants/co/westminster/technology,1970-01-01
https://www.fsidigital.ca/grants/dc/washington-dc/healthcare,1970-01-01
https://www.fsidigital.ca/grants/dc/washington-dc/women-entrepreneurs,1970-01-01
https://www.fsidigital.ca/grants/fl/brandon-fl/agriculture,1970-01-01
https://www.fsidigital.ca/grants/fl/brandon-fl/arts-entertainment,1970-01-01
https://www.fsidigital.ca/grants/fl/brandon-fl/manufacturing,1970-01-01
https://www.fsidigital.ca/grants/fl/brandon-fl/restaurants-hospitality,1970-01-01
https://www.fsidigital.ca/grants/fl/brandon-fl/retail,1970-01-01
https://www.fsidigital.ca/grants/fl/brandon-fl/technology,1970-01-01
https://www.fsidigital.ca/grants/fl/brandon-fl/veterans,1970-01-01
https://www.fsidigital.ca/grants/fl/cape-coral/agriculture,1970-01-01
https://www.fsidigital.ca/grants/fl/cape-coral/construction,1970-01-01
https://www.fsidigital.ca/grants/fl/cape-coral/restaurants-hospitality,1970-01-01
https://www.fsidigital.ca/grants/fl/cape-coral/veterans,1970-01-01
https://www.fsidigital.ca/grants/fl/clearwater,1970-01-01
https://www.fsidigital.ca/grants/fl/clearwater/agriculture,1970-01-01
https://www.fsidigital.ca/grants/fl/clearwater/arts-entertainment,1970-01-01
https://www.fsidigital.ca/grants/fl/coral-springs/clean-energy,1970-01-01
https://www.fsidigital.ca/grants/fl/coral-springs/construction,1970-01-01
https://www.fsidigital.ca/grants/fl/coral-springs/women-entrepreneurs,1970-01-01
https://www.fsidigital.ca/grants/fl/fort-lauderdale/clean-energy,1970-01-01
https://www.fsidigital.ca/grants/fl/fort-lauderdale/education,1970-01-01
https://www.fsidigital.ca/grants/fl/fort-lauderdale/manufacturing,1970-01-01
https://www.fsidigital.ca/grants/fl/fort-lauderdale/retail,1970-01-01
https://www.fsidigital.ca/grants/fl/fort-lauderdale/veterans,1970-01-01
https://www.fsidigital.ca/grants/fl/gainesville/agriculture,1970-01-01
https://www.fsidigital.ca/grants/fl/gainesville/arts-entertainment,1970-01-01
https://www.fsidigital.ca/grants/fl/gainesville/logistics,1970-01-01
https://www.fsidigital.ca/grants/fl/gainesville/minority-owned,1970-01-01
https://www.fsidigital.ca/grants/fl/gainesville/non-profits,1970-01-01
https://www.fsidigital.ca/grants/fl/gainesville/restaurants-hospitality,1970-01-01
https://www.fsidigital.ca/grants/fl/hollywood/education,1970-01-01
https://www.fsidigital.ca/grants/fl/hollywood/healthcare,1970-01-01
https://www.fsidigital.ca/grants/fl/hollywood/logistics,1970-01-01
https://www.fsidigital.ca/grants/fl/hollywood/retail,1970-01-01
https://www.fsidigital.ca/grants/fl/lehigh-acres/construction,1970-01-01
https://www.fsidigital.ca/grants/fl/lehigh-acres/education,1970-01-01
https://www.fsidigital.ca/grants/fl/lehigh-acres/manufacturing,1970-01-01
https://www.fsidigital.ca/grants/fl/lehigh-acres/non-profits,1970-01-01
https://www.fsidigital.ca/grants/fl/miami/non-profits,1970-01-01
https://www.fsidigital.ca/grants/fl/miramar/healthcare,1970-01-01
https://www.fsidigital.ca/grants/fl/miramar/non-profits,1970-01-01
https://www.fsidigital.ca/grants/fl/miramar/restaurants-hospitality,1970-01-01
https://www.fsidigital.ca/grants/fl/miramar/retail,1970-01-01
https://www.fsidigital.ca/grants/fl/miramar/technology,1970-01-01
https://www.fsidigital.ca/grants/fl/pembroke-pines,1970-01-01
https://www.fsidigital.ca/grants/fl/pembroke-pines/arts-entertainment,1970-01-01
https://www.fsidigital.ca/grants/fl/pembroke-pines/clean-energy,1970-01-01
https://www.fsidigital.ca/grants/fl/pembroke-pines/education,1970-01-01
https://www.fsidigital.ca/grants/fl/pembroke-pines/minority-owned,1970-01-01
https://www.fsidigital.ca/grants/fl/pembroke-pines/restaurants-hospitality,1970-01-01
https://www.fsidigital.ca/grants/fl/pembroke-pines/women-entrepreneurs,1970-01-01
https://www.fsidigital.ca/grants/fl/pompano-beach/arts-entertainment,1970-01-01
https://www.fsidigital.ca/grants/fl/pompano-beach/clean-energy,1970-01-01
https://www.fsidigital.ca/grants/fl/pompano-beach/construction,1970-01-01
https://www.fsidigital.ca/grants/fl/pompano-beach/education,1970-01-01
https://www.fsidigital.ca/grants/fl/pompano-beach/healthcare,1970-01-01
https://www.fsidigital.ca/grants/fl/pompano-beach/minority-owned,1970-01-01
https://www.fsidigital.ca/grants/fl/pompano-beach/restaurants-hospitality,1970-01-01
https://www.fsidigital.ca/grants/fl/pompano-beach/veterans,1970-01-01
https://www.fsidigital.ca/grants/fl/port-st-lucie/agriculture,1970-01-01
https://www.fsidigital.ca/grants/fl/port-st-lucie/construction,1970-01-01
https://www.fsidigital.ca/grants/fl/port-st-lucie/minority-owned,1970-01-01
https://www.fsidigital.ca/grants/fl/port-st-lucie/retail,1970-01-01
https://www.fsidigital.ca/grants/fl/spring-hill/agriculture,1970-01-01
https://www.fsidigital.ca/grants/fl/spring-hill/clean-energy,1970-01-01
https://www.fsidigital.ca/grants/fl/spring-hill/construction,1970-01-01
https://www.fsidigital.ca/grants/fl/spring-hill/healthcare,1970-01-01
https://www.fsidigital.ca/grants/fl/spring-hill/veterans,1970-01-01
https://www.fsidigital.ca/grants/fl/west-palm-beach/arts-entertainment,1970-01-01
https://www.fsidigital.ca/grants/fl/west-palm-beach/minority-owned,1970-01-01
https://www.fsidigital.ca/grants/fl/west-palm-beach/technology,1970-01-01
https://www.fsidigital.ca/grants/ga/athens/arts-entertainment,1970-01-01
https://www.fsidigital.ca/grants/ga/athens/construction,1970-01-01
https://www.fsidigital.ca/grants/ga/athens/education,1970-01-01
https://www.fsidigital.ca/grants/ga/athens/healthcare,1970-01-01
https://www.fsidigital.ca/grants/ga/athens/manufacturing,1970-01-01
https://www.fsidigital.ca/grants/ga/athens/non-profits,1970-01-01
https://www.fsidigital.ca/grants/ga/athens/restaurants-hospitality,1970-01-01
https://www.fsidigital.ca/grants/ga/athens/technology,1970-01-01
https://www.fsidigital.ca/grants/ga/athens/veterans,1970-01-01
https://www.fsidigital.ca/grants/ga/augusta/agriculture,1970-01-01
https://www.fsidigital.ca/grants/ga/augusta/education,1970-01-01
https://www.fsidigital.ca/grants/ga/augusta/minority-owned,1970-01-01
https://www.fsidigital.ca/grants/ga/augusta/non-profits,1970-01-01
https://www.fsidigital.ca/grants/ga/augusta/retail,1970-01-01
https://www.fsidigital.ca/grants/ga/augusta/women-entrepreneurs,1970-01-01
https://www.fsidigital.ca/grants/ga/columbus-ga/agriculture,1970-01-01
https://www.fsidigital.ca/grants/ga/columbus-ga/arts-entertainment,1970-01-01
https://www.fsidigital.ca/grants/ga/columbus-ga/construction,1970-01-01
https://www.fsidigital.ca/grants/ga/columbus-ga/restaurants-hospitality,1970-01-01
https://www.fsidigital.ca/grants/ga/sandy-springs,1970-01-01
https://www.fsidigital.ca/grants/ga/sandy-springs/agriculture,1970-01-01
https://www.fsidigital.ca/grants/ga/sandy-springs/arts-entertainment,1970-01-01
https://www.fsidigital.ca/grants/ga/sandy-springs/construction,1970-01-01
https://www.fsidigital.ca/grants/ga/sandy-springs/education,1970-01-01
https://www.fsidigital.ca/grants/ga/sandy-springs/healthcare,1970-01-01
https://www.fsidigital.ca/grants/ga/sandy-springs/manufacturing,1970-01-01
https://www.fsidigital.ca/grants/ga/sandy-springs/minority-owned,1970-01-01
https://www.fsidigital.ca/grants/ga/sandy-springs/retail,1970-01-01
https://www.fsidigital.ca/grants/ga/savannah/education,1970-01-01
https://www.fsidigital.ca/grants/ga/savannah/restaurants-hospitality,1970-01-01
https://www.fsidigital.ca/grants/ga/savannah/women-entrepreneurs,1970-01-01
https://www.fsidigital.ca/grants/il/aurora-il/arts-entertainment,1970-01-01
https://www.fsidigital.ca/grants/il/aurora-il/logistics,1970-01-01
https://www.fsidigital.ca/grants/il/aurora-il/manufacturing,1970-01-01
https://www.fsidigital.ca/grants/il/aurora-il/non-profits,1970-01-01
https://www.fsidigital.ca/grants/il/aurora-il/restaurants-hospitality,1970-01-01
https://www.fsidigital.ca/grants/il/aurora-il/retail,1970-01-01
https://www.fsidigital.ca/grants/il/aurora-il/veterans,1970-01-01
https://www.fsidigital.ca/grants/il/elgin/agriculture,1970-01-01
https://www.fsidigital.ca/grants/il/elgin/arts-entertainment,1970-01-01
https://www.fsidigital.ca/grants/il/elgin/manufacturing,1970-01-01
https://www.fsidigital.ca/grants/il/elgin/minority-owned,1970-01-01
https://www.fsidigital.ca/grants/il/elgin/technology,1970-01-01
https://www.fsidigital.ca/grants/il/joliet/arts-entertainment,1970-01-01
https://www.fsidigital.ca/grants/il/joliet/logistics,1970-01-01
https://www.fsidigital.ca/grants/il/joliet/technology,1970-01-01
https://www.fsidigital.ca/grants/il/naperville/arts-entertainment,1970-01-01
https://www.fsidigital.ca/grants/il/naperville/minority-owned,1970-01-01
https://www.fsidigital.ca/grants/il/naperville/restaurants-hospitality,1970-01-01
https://www.fsidigital.ca/grants/il/naperville/veterans,1970-01-01
https://www.fsidigital.ca/grants/il/peoria-il,1970-01-01
https://www.fsidigital.ca/grants/il/peoria-il/agriculture,1970-01-01
https://www.fsidigital.ca/grants/il/peoria-il/construction,1970-01-01
https://www.fsidigital.ca/grants/il/peoria-il/education,1970-01-01
https://www.fsidigital.ca/grants/il/peoria-il/healthcare,1970-01-01
https://www.fsidigital.ca/grants/il/peoria-il/logistics,1970-01-01
https://www.fsidigital.ca/grants/il/peoria-il/non-profits,1970-01-01
https://www.fsidigital.ca/grants/il/peoria-il/restaurants-hospitality,1970-01-01
https://www.fsidigital.ca/grants/il/peoria-il/retail,1970-01-01
https://www.fsidigital.ca/grants/il/peoria-il/veterans,1970-01-01
https://www.fsidigital.ca/grants/il/rockford,1970-01-01
https://www.fsidigital.ca/grants/il/rockford/clean-energy,1970-01-01
https://www.fsidigital.ca/grants/il/rockford/construction,1970-01-01
https://www.fsidigital.ca/grants/il/rockford/education,1970-01-01
https://www.fsidigital.ca/grants/il/rockford/logistics,1970-01-01
https://www.fsidigital.ca/grants/il/rockford/non-profits,1970-01-01
https://www.fsidigital.ca/grants/il/rockford/technology,1970-01-01
https://www.fsidigital.ca/grants/il/springfield-il/arts-entertainment,1970-01-01
https://www.fsidigital.ca/grants/il/springfield-il/clean-energy,1970-01-01
https://www.fsidigital.ca/grants/il/springfield-il/logistics,1970-01-01
https://www.fsidigital.ca/grants/il/springfield-il/manufacturing,1970-01-01
https://www.fsidigital.ca/grants/il/springfield-il/minority-owned,1970-01-01
https://www.fsidigital.ca/grants/il/springfield-il/technology,1970-01-01
https://www.fsidigital.ca/grants/il/springfield-il/women-entrepreneurs,1970-01-01
https://www.fsidigital.ca/grants/in/carmel,1970-01-01
https://www.fsidigital.ca/grants/in/carmel/arts-entertainment,1970-01-01
https://www.fsidigital.ca/grants/in/carmel/clean-energy,1970-01-01
https://www.fsidigital.ca/grants/in/carmel/healthcare,1970-01-01
https://www.fsidigital.ca/grants/in/carmel/logistics,1970-01-01
https://www.fsidigital.ca/grants/in/carmel/manufacturing,1970-01-01
https://www.fsidigital.ca/grants/in/carmel/minority-owned,1970-01-01
https://www.fsidigital.ca/grants/in/carmel/non-profits,1970-01-01
https://www.fsidigital.ca/grants/in/carmel/technology,1970-01-01
https://www.fsidigital.ca/grants/in/evansville/arts-entertainment,1970-01-01
https://www.fsidigital.ca/grants/in/evansville/logistics,1970-01-01
https://www.fsidigital.ca/grants/in/evansville/non-profits,1970-01-01
https://www.fsidigital.ca/grants/in/evansville/technology,1970-01-01
https://www.fsidigital.ca/grants/in/evansville/veterans,1970-01-01
https://www.fsidigital.ca/grants/in/evansville/women-entrepreneurs,1970-01-01
https://www.fsidigital.ca/grants/in/south-bend/agriculture,1970-01-01
https://www.fsidigital.ca/grants/in/south-bend/education,1970-01-01
https://www.fsidigital.ca/grants/in/south-bend/logistics,1970-01-01
https://www.fsidigital.ca/grants/in/south-bend/manufacturing,1970-01-01
https://www.fsidigital.ca/grants/in/south-bend/non-profits,1970-01-01
https://www.fsidigital.ca/grants/in/south-bend/restaurants-hospitality,1970-01-01
https://www.fsidigital.ca/grants/in/south-bend/veterans,1970-01-01
https://www.fsidigital.ca/grants/in/south-bend/women-entrepreneurs,1970-01-01
https://www.fsidigital.ca/grants/industry/alberta-cleantech,1970-01-01
https://www.fsidigital.ca/grants/industry/alberta-oil-gas,1970-01-01
https://www.fsidigital.ca/grants/industry/alberta-saas,1970-01-01
https://www.fsidigital.ca/grants/industry/bc-manufacturing,1970-01-01
https://www.fsidigital.ca/grants/industry/manitoba-manufacturing,1970-01-01
https://www.fsidigital.ca/grants/industry/ontario-agriculture,1970-01-01
https://www.fsidigital.ca/grants/industry/ontario-manufacturing,1970-01-01
https://www.fsidigital.ca/grants/industry/ontario-transportation,1970-01-01
https://www.fsidigital.ca/grants/industry/quebec-manufacturing,1970-01-01
https://www.fsidigital.ca/grants/industry/quebec-saas,1970-01-01
https://www.fsidigital.ca/grants/industry/retail-ecommerce,1970-01-01
https://www.fsidigital.ca/grants/industry/transportation-logistics,1970-01-01
https://www.fsidigital.ca/grants/la/baton-rouge/healthcare,1970-01-01
https://www.fsidigital.ca/grants/mb/brandon-mb/healthcare,1970-01-01
https://www.fsidigital.ca/grants/mb/brandon-mb/minority-owned,1970-01-01
https://www.fsidigital.ca/grants/mb/brandon-mb/non-profits,1970-01-01
https://www.fsidigital.ca/grants/mb/brandon-mb/women-entrepreneurs,1970-01-01
https://www.fsidigital.ca/grants/mb/steinbach,1970-01-01
https://www.fsidigital.ca/grants/mb/steinbach/arts-entertainment,1970-01-01
https://www.fsidigital.ca/grants/mb/steinbach/construction,1970-01-01
https://www.fsidigital.ca/grants/mb/steinbach/manufacturing,1970-01-01
https://www.fsidigital.ca/grants/mb/steinbach/restaurants-hospitality,1970-01-01
https://www.fsidigital.ca/grants/mb/steinbach/retail,1970-01-01
https://www.fsidigital.ca/grants/mb/steinbach/technology,1970-01-01
https://www.fsidigital.ca/grants/mb/winnipeg/retail,1970-01-01
https://www.fsidigital.ca/grants/mi/ann-arbor,1970-01-01
https://www.fsidigital.ca/grants/mi/ann-arbor/agriculture,1970-01-01
https://www.fsidigital.ca/grants/mi/ann-arbor/education,1970-01-01
https://www.fsidigital.ca/grants/mi/ann-arbor/logistics,1970-01-01
https://www.fsidigital.ca/grants/mi/ann-arbor/minority-owned,1970-01-01
https://www.fsidigital.ca/grants/mi/ann-arbor/retail,1970-01-01
https://www.fsidigital.ca/grants/mi/flint/arts-entertainment,1970-01-01
https://www.fsidigital.ca/grants/mi/flint/construction,1970-01-01
https://www.fsidigital.ca/grants/mi/flint/restaurants-hospitality,1970-01-01
https://www.fsidigital.ca/grants/mi/grand-rapids/agriculture,1970-01-01
https://www.fsidigital.ca/grants/mi/grand-rapids/clean-energy,1970-01-01
https://www.fsidigital.ca/grants/mi/grand-rapids/construction,1970-01-01
https://www.fsidigital.ca/grants/mi/grand-rapids/education,1970-01-01
https://www.fsidigital.ca/grants/mi/grand-rapids/healthcare,1970-01-01
https://www.fsidigital.ca/grants/mi/grand-rapids/logistics,1970-01-01
https://www.fsidigital.ca/grants/mi/grand-rapids/retail,1970-01-01
https://www.fsidigital.ca/grants/mi/grand-rapids/veterans,1970-01-01
https://www.fsidigital.ca/grants/mi/lansing/agriculture,1970-01-01
https://www.fsidigital.ca/grants/mi/lansing/education,1970-01-01
https://www.fsidigital.ca/grants/mi/lansing/logistics,1970-01-01
https://www.fsidigital.ca/grants/mi/lansing/retail,1970-01-01
https://www.fsidigital.ca/grants/mi/lansing/technology,1970-01-01
https://www.fsidigital.ca/grants/mi/sterling-heights/arts-entertainment,1970-01-01
https://www.fsidigital.ca/grants/mi/sterling-heights/clean-energy,1970-01-01
https://www.fsidigital.ca/grants/mi/sterling-heights/construction,1970-01-01
https://www.fsidigital.ca/grants/mi/sterling-heights/manufacturing,1970-01-01
https://www.fsidigital.ca/grants/mi/sterling-heights/minority-owned,1970-01-01
https://www.fsidigital.ca/grants/mi/sterling-heights/technology,1970-01-01
https://www.fsidigital.ca/grants/mi/warren/agriculture,1970-01-01
https://www.fsidigital.ca/grants/mi/warren/education,1970-01-01
https://www.fsidigital.ca/grants/mi/warren/healthcare,1970-01-01
https://www.fsidigital.ca/grants/mi/warren/non-profits,1970-01-01
https://www.fsidigital.ca/grants/mi/warren/retail,1970-01-01
https://www.fsidigital.ca/grants/mn/duluth/education,1970-01-01
https://www.fsidigital.ca/grants/mn/duluth/manufacturing,1970-01-01
https://www.fsidigital.ca/grants/mn/duluth/non-profits,1970-01-01
https://www.fsidigital.ca/grants/mn/duluth/technology,1970-01-01
https://www.fsidigital.ca/grants/nb/saint-john/minority-owned,1970-01-01
https://www.fsidigital.ca/grants/nc/cary/women-entrepreneurs,1970-01-01
https://www.fsidigital.ca/grants/nc/fayetteville,1970-01-01
https://www.fsidigital.ca/grants/nc/fayetteville/agriculture,1970-01-01
https://www.fsidigital.ca/grants/nc/fayetteville/construction,1970-01-01
https://www.fsidigital.ca/grants/nc/fayetteville/healthcare,1970-01-01
https://www.fsidigital.ca/grants/nc/fayetteville/minority-owned,1970-01-01
https://www.fsidigital.ca/grants/nc/fayetteville/veterans,1970-01-01
https://www.fsidigital.ca/grants/nc/fayetteville/women-entrepreneurs,1970-01-01
https://www.fsidigital.ca/grants/nc/high-point/arts-entertainment,1970-01-01
https://www.fsidigital.ca/grants/nc/high-point/logistics,1970-01-01
https://www.fsidigital.ca/grants/nc/high-point/restaurants-hospitality,1970-01-01
https://www.fsidigital.ca/grants/nc/high-point/technology,1970-01-01
https://www.fsidigital.ca/grants/nc/high-point/veterans,1970-01-01
https://www.fsidigital.ca/grants/nc/high-point/women-entrepreneurs,1970-01-01
https://www.fsidigital.ca/grants/nc/wilmington/construction,1970-01-01
https://www.fsidigital.ca/grants/nc/wilmington/healthcare,1970-01-01
https://www.fsidigital.ca/grants/nc/wilmington/minority-owned,1970-01-01
https://www.fsidigital.ca/grants/nc/winston-salem/agriculture,1970-01-01
https://www.fsidigital.ca/grants/nc/winston-salem/construction,1970-01-01
https://www.fsidigital.ca/grants/nc/winston-salem/healthcare,1970-01-01
https://www.fsidigital.ca/grants/nc/winston-salem/minority-owned,1970-01-01
https://www.fsidigital.ca/grants/nc/winston-salem/retail,1970-01-01
https://www.fsidigital.ca/grants/ne/omaha/education,1970-01-01
https://www.fsidigital.ca/grants/ne/omaha/restaurants-hospitality,1970-01-01
https://www.fsidigital.ca/grants/ne/omaha/veterans,1970-01-01
https://www.fsidigital.ca/grants/nj/jersey-city/retail,1970-01-01
https://www.fsidigital.ca/grants/nl/corner-brook/agriculture,1970-01-01
https://www.fsidigital.ca/grants/nl/corner-brook/arts-entertainment,1970-01-01
https://www.fsidigital.ca/grants/nl/corner-brook/clean-energy,1970-01-01
https://www.fsidigital.ca/grants/nl/corner-brook/construction,1970-01-01
https://www.fsidigital.ca/grants/nl/corner-brook/manufacturing,1970-01-01
https://www.fsidigital.ca/grants/nl/corner-brook/retail,1970-01-01
https://www.fsidigital.ca/grants/nl/mount-pearl/agriculture,1970-01-01
https://www.fsidigital.ca/grants/nl/mount-pearl/education,1970-01-01
https://www.fsidigital.ca/grants/nl/mount-pearl/healthcare,1970-01-01
https://www.fsidigital.ca/grants/nl/mount-pearl/technology,1970-01-01
https://www.fsidigital.ca/grants/nl/mount-pearl/veterans,1970-01-01
https://www.fsidigital.ca/grants/nl/mount-pearl/women-entrepreneurs,1970-01-01
https://www.fsidigital.ca/grants/ns/sydney/clean-energy,1970-01-01
https://www.fsidigital.ca/grants/ns/sydney/healthcare,1970-01-01
https://www.fsidigital.ca/grants/ns/sydney/manufacturing,1970-01-01
https://www.fsidigital.ca/grants/ns/sydney/minority-owned,1970-01-01
https://www.fsidigital.ca/grants/ns/sydney/technology,1970-01-01
https://www.fsidigital.ca/grants/ns/truro/arts-entertainment,1970-01-01
https://www.fsidigital.ca/grants/ns/truro/clean-energy,1970-01-01
https://www.fsidigital.ca/grants/ns/truro/logistics,1970-01-01
https://www.fsidigital.ca/grants/ns/truro/non-profits,1970-01-01
https://www.fsidigital.ca/grants/ns/truro/restaurants-hospitality,1970-01-01
https://www.fsidigital.ca/grants/ns/truro/technology,1970-01-01
https://www.fsidigital.ca/grants/ns/truro/veterans,1970-01-01
https://www.fsidigital.ca/grants/nv/north-las-vegas/agriculture,1970-01-01
https://www.fsidigital.ca/grants/nv/north-las-vegas/healthcare,1970-01-01
https://www.fsidigital.ca/grants/ny/albany/logistics,1970-01-01
https://www.fsidigital.ca/grants/ny/albany/technology,1970-01-01
https://www.fsidigital.ca/grants/ny/albany/women-entrepreneurs,1970-01-01
https://www.fsidigital.ca/grants/ny/mount-vernon/agriculture,1970-01-01
https://www.fsidigital.ca/grants/ny/mount-vernon/clean-energy,1970-01-01
https://www.fsidigital.ca/grants/ny/mount-vernon/manufacturing,1970-01-01
https://www.fsidigital.ca/grants/ny/mount-vernon/minority-owned,1970-01-01
https://www.fsidigital.ca/grants/ny/new-rochelle,1970-01-01
https://www.fsidigital.ca/grants/ny/new-rochelle/agriculture,1970-01-01
https://www.fsidigital.ca/grants/ny/new-rochelle/arts-entertainment,1970-01-01
https://www.fsidigital.ca/grants/ny/new-rochelle/clean-energy,1970-01-01
https://www.fsidigital.ca/grants/ny/new-rochelle/healthcare,1970-01-01
https://www.fsidigital.ca/grants/ny/new-rochelle/minority-owned,1970-01-01
https://www.fsidigital.ca/grants/ny/new-rochelle/non-profits,1970-01-01
https://www.fsidigital.ca/grants/ny/new-rochelle/veterans,1970-01-01
https://www.fsidigital.ca/grants/ny/schenectady/education,1970-01-01
https://www.fsidigital.ca/grants/ny/schenectady/logistics,1970-01-01
https://www.fsidigital.ca/grants/ny/schenectady/minority-owned,1970-01-01
https://www.fsidigital.ca/grants/ny/schenectady/veterans,1970-01-01
https://www.fsidigital.ca/grants/ny/utica/agriculture,1970-01-01
https://www.fsidigital.ca/grants/ny/utica/arts-entertainment,1970-01-01
https://www.fsidigital.ca/grants/ny/utica/healthcare,1970-01-01
https://www.fsidigital.ca/grants/ny/utica/technology,1970-01-01
https://www.fsidigital.ca/grants/ny/utica/veterans,1970-01-01
https://www.fsidigital.ca/grants/ny/white-plains/construction,1970-01-01
https://www.fsidigital.ca/grants/ny/white-plains/manufacturing,1970-01-01
https://www.fsidigital.ca/grants/ny/white-plains/women-entrepreneurs,1970-01-01
https://www.fsidigital.ca/grants/oh/akron/agriculture,1970-01-01
https://www.fsidigital.ca/grants/oh/akron/education,1970-01-01
https://www.fsidigital.ca/grants/oh/akron/technology,1970-01-01
https://www.fsidigital.ca/grants/oh/canton/agriculture,1970-01-01
https://www.fsidigital.ca/grants/oh/canton/non-profits,1970-01-01
https://www.fsidigital.ca/grants/oh/canton/veterans,1970-01-01
https://www.fsidigital.ca/grants/oh/dayton/arts-entertainment,1970-01-01
https://www.fsidigital.ca/grants/oh/dayton/construction,1970-01-01
https://www.fsidigital.ca/grants/oh/dayton/logistics,1970-01-01
https://www.fsidigital.ca/grants/oh/dayton/manufacturing,1970-01-01
https://www.fsidigital.ca/grants/oh/dayton/minority-owned,1970-01-01
https://www.fsidigital.ca/grants/oh/parma,1970-01-01
https://www.fsidigital.ca/grants/oh/parma/agriculture,1970-01-01
https://www.fsidigital.ca/grants/oh/parma/education,1970-01-01
https://www.fsidigital.ca/grants/oh/parma/manufacturing,1970-01-01
https://www.fsidigital.ca/grants/oh/parma/minority-owned,1970-01-01
https://www.fsidigital.ca/grants/oh/parma/retail,1970-01-01
https://www.fsidigital.ca/grants/oh/parma/women-entrepreneurs,1970-01-01
https://www.fsidigital.ca/grants/on/belleville/clean-energy,1970-01-01
https://www.fsidigital.ca/grants/on/belleville/logistics,1970-01-01
https://www.fsidigital.ca/grants/on/belleville/manufacturing,1970-01-01
https://www.fsidigital.ca/grants/on/belleville/minority-owned,1970-01-01
https://www.fsidigital.ca/grants/on/belleville/non-profits,1970-01-01
https://www.fsidigital.ca/grants/on/belleville/technology,1970-01-01
https://www.fsidigital.ca/grants/on/cornwall,1970-01-01
https://www.fsidigital.ca/grants/on/cornwall/agriculture,1970-01-01
https://www.fsidigital.ca/grants/on/cornwall/arts-entertainment,1970-01-01
https://www.fsidigital.ca/grants/on/cornwall/healthcare,1970-01-01
https://www.fsidigital.ca/grants/on/cornwall/minority-owned,1970-01-01
https://www.fsidigital.ca/grants/on/cornwall/technology,1970-01-01
https://www.fsidigital.ca/grants/on/cornwall/women-entrepreneurs,1970-01-01
https://www.fsidigital.ca/grants/on/north-bay/clean-energy,1970-01-01
https://www.fsidigital.ca/grants/on/north-bay/healthcare,1970-01-01
https://www.fsidigital.ca/grants/on/north-bay/restaurants-hospitality,1970-01-01
https://www.fsidigital.ca/grants/on/north-bay/retail,1970-01-01
https://www.fsidigital.ca/grants/on/north-bay/veterans,1970-01-01
https://www.fsidigital.ca/grants/on/orillia/arts-entertainment,1970-01-01
https://www.fsidigital.ca/grants/on/orillia/clean-energy,1970-01-01
https://www.fsidigital.ca/grants/on/orillia/restaurants-hospitality,1970-01-01
https://www.fsidigital.ca/grants/on/orillia/women-entrepreneurs,1970-01-01
https://www.fsidigital.ca/grants/on/sarnia,1970-01-01
https://www.fsidigital.ca/grants/on/sarnia/arts-entertainment,1970-01-01
https://www.fsidigital.ca/grants/on/sarnia/education,1970-01-01
https://www.fsidigital.ca/grants/on/sarnia/retail,1970-01-01
https://www.fsidigital.ca/grants/on/sarnia/veterans,1970-01-01
https://www.fsidigital.ca/grants/on/sault-ste-marie/agriculture,1970-01-01
https://www.fsidigital.ca/grants/on/sault-ste-marie/veterans,1970-01-01
https://www.fsidigital.ca/grants/on/st-thomas/arts-entertainment,1970-01-01
https://www.fsidigital.ca/grants/on/st-thomas/construction,1970-01-01
https://www.fsidigital.ca/grants/on/st-thomas/restaurants-hospitality,1970-01-01
https://www.fsidigital.ca/grants/on/st-thomas/technology,1970-01-01
https://www.fsidigital.ca/grants/on/stratford/clean-energy,1970-01-01
https://www.fsidigital.ca/grants/on/stratford/healthcare,1970-01-01
https://www.fsidigital.ca/grants/on/stratford/restaurants-hospitality,1970-01-01
https://www.fsidigital.ca/grants/on/stratford/technology,1970-01-01
https://www.fsidigital.ca/grants/on/stratford/women-entrepreneurs,1970-01-01
https://www.fsidigital.ca/grants/on/thunder-bay/arts-entertainment,1970-01-01
https://www.fsidigital.ca/grants/on/thunder-bay/logistics,1970-01-01
https://www.fsidigital.ca/grants/on/thunder-bay/manufacturing,1970-01-01
https://www.fsidigital.ca/grants/on/thunder-bay/minority-owned,1970-01-01
https://www.fsidigital.ca/grants/on/thunder-bay/veterans,1970-01-01
https://www.fsidigital.ca/grants/on/thunder-bay/women-entrepreneurs,1970-01-01
https://www.fsidigital.ca/grants/on/timmins/agriculture,1970-01-01
https://www.fsidigital.ca/grants/on/timmins/healthcare,1970-01-01
https://www.fsidigital.ca/grants/on/timmins/manufacturing,1970-01-01
https://www.fsidigital.ca/grants/on/timmins/minority-owned,1970-01-01
https://www.fsidigital.ca/grants/on/timmins/retail,1970-01-01
https://www.fsidigital.ca/grants/on/timmins/technology,1970-01-01
https://www.fsidigital.ca/grants/on/welland/construction,1970-01-01
https://www.fsidigital.ca/grants/on/welland/non-profits,1970-01-01
https://www.fsidigital.ca/grants/on/welland/technology,1970-01-01
https://www.fsidigital.ca/grants/on/woodstock/agriculture,1970-01-01
https://www.fsidigital.ca/grants/on/woodstock/arts-entertainment,1970-01-01
https://www.fsidigital.ca/grants/on/woodstock/logistics,1970-01-01
https://www.fsidigital.ca/grants/on/woodstock/manufacturing,1970-01-01
https://www.fsidigital.ca/grants/on/woodstock/minority-owned,1970-01-01
https://www.fsidigital.ca/grants/on/woodstock/technology,1970-01-01
https://www.fsidigital.ca/grants/on/woodstock/women-entrepreneurs,1970-01-01
https://www.fsidigital.ca/grants/or/beaverton/education,1970-01-01
https://www.fsidigital.ca/grants/or/beaverton/healthcare,1970-01-01
https://www.fsidigital.ca/grants/or/beaverton/logistics,1970-01-01
https://www.fsidigital.ca/grants/or/beaverton/manufacturing,1970-01-01
https://www.fsidigital.ca/grants/or/beaverton/restaurants-hospitality,1970-01-01
https://www.fsidigital.ca/grants/or/eugene,1970-01-01
https://www.fsidigital.ca/grants/or/eugene/agriculture,1970-01-01
https://www.fsidigital.ca/grants/or/eugene/clean-energy,1970-01-01
https://www.fsidigital.ca/grants/or/eugene/construction,1970-01-01
https://www.fsidigital.ca/grants/or/eugene/healthcare,1970-01-01
https://www.fsidigital.ca/grants/or/eugene/manufacturing,1970-01-01
https://www.fsidigital.ca/grants/or/eugene/restaurants-hospitality,1970-01-01
https://www.fsidigital.ca/grants/or/eugene/veterans,1970-01-01
https://www.fsidigital.ca/grants/or/eugene/women-entrepreneurs,1970-01-01
https://www.fsidigital.ca/grants/or/hillsboro/clean-energy,1970-01-01
https://www.fsidigital.ca/grants/or/hillsboro/construction,1970-01-01
https://www.fsidigital.ca/grants/or/hillsboro/education,1970-01-01
https://www.fsidigital.ca/grants/or/hillsboro/logistics,1970-01-01
https://www.fsidigital.ca/grants/or/hillsboro/restaurants-hospitality,1970-01-01
https://www.fsidigital.ca/grants/or/hillsboro/women-entrepreneurs,1970-01-01
https://www.fsidigital.ca/grants/or/salem/manufacturing,1970-01-01
https://www.fsidigital.ca/grants/or/salem/restaurants-hospitality,1970-01-01
https://www.fsidigital.ca/grants/or/salem/technology,1970-01-01
https://www.fsidigital.ca/grants/pa/allentown/arts-entertainment,1970-01-01
https://www.fsidigital.ca/grants/pa/allentown/construction,1970-01-01
https://www.fsidigital.ca/grants/pa/allentown/education,1970-01-01
https://www.fsidigital.ca/grants/pa/allentown/minority-owned,1970-01-01
https://www.fsidigital.ca/grants/pa/allentown/retail,1970-01-01
https://www.fsidigital.ca/grants/pa/allentown/technology,1970-01-01
https://www.fsidigital.ca/grants/pa/allentown/veterans,1970-01-01
https://www.fsidigital.ca/grants/pa/erie/agriculture,1970-01-01
https://www.fsidigital.ca/grants/pa/erie/manufacturing,1970-01-01
https://www.fsidigital.ca/grants/pa/erie/women-entrepreneurs,1970-01-01
https://www.fsidigital.ca/grants/pa/pittsburgh/agriculture,1970-01-01
https://www.fsidigital.ca/grants/pa/pittsburgh/education,1970-01-01
https://www.fsidigital.ca/grants/pa/pittsburgh/non-profits,1970-01-01
https://www.fsidigital.ca/grants/pa/reading/agriculture,1970-01-01
https://www.fsidigital.ca/grants/pa/reading/arts-entertainment,1970-01-01
https://www.fsidigital.ca/grants/pa/reading/retail,1970-01-01
https://www.fsidigital.ca/grants/pa/reading/technology,1970-01-01
https://www.fsidigital.ca/grants/pa/reading/women-entrepreneurs,1970-01-01
https://www.fsidigital.ca/grants/pe/summerside,1970-01-01
https://www.fsidigital.ca/grants/pe/summerside/clean-energy,1970-01-01
https://www.fsidigital.ca/grants/pe/summerside/manufacturing,1970-01-01
https://www.fsidigital.ca/grants/pe/summerside/minority-owned,1970-01-01
https://www.fsidigital.ca/grants/pe/summerside/non-profits,1970-01-01
https://www.fsidigital.ca/grants/pe/summerside/women-entrepreneurs,1970-01-01
https://www.fsidigital.ca/grants/qc/drummondville/agriculture,1970-01-01
https://www.fsidigital.ca/grants/qc/drummondville/non-profits,1970-01-01
https://www.fsidigital.ca/grants/qc/drummondville/retail,1970-01-01
https://www.fsidigital.ca/grants/qc/granby/clean-energy,1970-01-01
https://www.fsidigital.ca/grants/qc/granby/construction,1970-01-01
https://www.fsidigital.ca/grants/qc/granby/healthcare,1970-01-01
https://www.fsidigital.ca/grants/qc/granby/minority-owned,1970-01-01
https://www.fsidigital.ca/grants/qc/granby/retail,1970-01-01
https://www.fsidigital.ca/grants/qc/granby/technology,1970-01-01
https://www.fsidigital.ca/grants/qc/saint-hyacinthe,1970-01-01
https://www.fsidigital.ca/grants/qc/saint-hyacinthe/healthcare,1970-01-01
https://www.fsidigital.ca/grants/qc/saint-hyacinthe/non-profits,1970-01-01
https://www.fsidigital.ca/grants/qc/saint-hyacinthe/restaurants-hospitality,1970-01-01
https://www.fsidigital.ca/grants/qc/saint-hyacinthe/veterans,1970-01-01
https://www.fsidigital.ca/grants/qc/saint-jean-sur-richelieu/arts-entertainment,1970-01-01
https://www.fsidigital.ca/grants/qc/saint-jean-sur-richelieu/logistics,1970-01-01
https://www.fsidigital.ca/grants/qc/saint-jean-sur-richelieu/manufacturing,1970-01-01
https://www.fsidigital.ca/grants/qc/saint-jean-sur-richelieu/minority-owned,1970-01-01
https://www.fsidigital.ca/grants/qc/saint-jean-sur-richelieu/restaurants-hospitality,1970-01-01
https://www.fsidigital.ca/grants/qc/saint-jean-sur-richelieu/technology,1970-01-01
https://www.fsidigital.ca/grants/qc/shawinigan/arts-entertainment,1970-01-01
https://www.fsidigital.ca/grants/qc/shawinigan/construction,1970-01-01
https://www.fsidigital.ca/grants/qc/shawinigan/healthcare,1970-01-01
https://www.fsidigital.ca/grants/qc/shawinigan/logistics,1970-01-01
https://www.fsidigital.ca/grants/qc/shawinigan/manufacturing,1970-01-01
https://www.fsidigital.ca/grants/qc/shawinigan/restaurants-hospitality,1970-01-01
https://www.fsidigital.ca/grants/qc/shawinigan/veterans,1970-01-01
https://www.fsidigital.ca/grants/sk/moose-jaw/education,1970-01-01
https://www.fsidigital.ca/grants/sk/moose-jaw/healthcare,1970-01-01
https://www.fsidigital.ca/grants/sk/moose-jaw/logistics,1970-01-01
https://www.fsidigital.ca/grants/sk/moose-jaw/minority-owned,1970-01-01
https://www.fsidigital.ca/grants/sk/moose-jaw/non-profits,1970-01-01
https://www.fsidigital.ca/grants/sk/moose-jaw/restaurants-hospitality,1970-01-01
https://www.fsidigital.ca/grants/sk/prince-albert/agriculture,1970-01-01
https://www.fsidigital.ca/grants/sk/prince-albert/education,1970-01-01
https://www.fsidigital.ca/grants/sk/prince-albert/manufacturing,1970-01-01
https://www.fsidigital.ca/grants/sk/prince-albert/technology,1970-01-01
https://www.fsidigital.ca/grants/sk/prince-albert/veterans,1970-01-01
https://www.fsidigital.ca/grants/tn/chattanooga/construction,1970-01-01
https://www.fsidigital.ca/grants/tn/chattanooga/restaurants-hospitality,1970-01-01
https://www.fsidigital.ca/grants/tn/clarksville/arts-entertainment,1970-01-01
https://www.fsidigital.ca/grants/tn/clarksville/education,1970-01-01
https://www.fsidigital.ca/grants/tn/clarksville/logistics,1970-01-01
https://www.fsidigital.ca/grants/tn/clarksville/non-profits,1970-01-01
https://www.fsidigital.ca/grants/tn/clarksville/restaurants-hospitality,1970-01-01
https://www.fsidigital.ca/grants/tn/knoxville/construction,1970-01-01
https://www.fsidigital.ca/grants/tn/knoxville/education,1970-01-01
https://www.fsidigital.ca/grants/tn/knoxville/logistics,1970-01-01
https://www.fsidigital.ca/grants/tn/knoxville/manufacturing,1970-01-01
https://www.fsidigital.ca/grants/tn/knoxville/non-profits,1970-01-01
https://www.fsidigital.ca/grants/tn/knoxville/restaurants-hospitality,1970-01-01
https://www.fsidigital.ca/grants/tn/knoxville/retail,1970-01-01
https://www.fsidigital.ca/grants/tn/knoxville/veterans,1970-01-01
https://www.fsidigital.ca/grants/tn/knoxville/women-entrepreneurs,1970-01-01
https://www.fsidigital.ca/grants/tn/memphis/arts-entertainment,1970-01-01
https://www.fsidigital.ca/grants/tn/memphis/construction,1970-01-01
https://www.fsidigital.ca/grants/tn/memphis/logistics,1970-01-01
https://www.fsidigital.ca/grants/tn/memphis/non-profits,1970-01-01
https://www.fsidigital.ca/grants/tn/memphis/retail,1970-01-01
https://www.fsidigital.ca/grants/tx/abilene/agriculture,1970-01-01
https://www.fsidigital.ca/grants/tx/abilene/healthcare,1970-01-01
https://www.fsidigital.ca/grants/tx/abilene/manufacturing,1970-01-01
https://www.fsidigital.ca/grants/tx/abilene/minority-owned,1970-01-01
https://www.fsidigital.ca/grants/tx/abilene/technology,1970-01-01
https://www.fsidigital.ca/grants/tx/abilene/veterans,1970-01-01
https://www.fsidigital.ca/grants/tx/abilene/women-entrepreneurs,1970-01-01
https://www.fsidigital.ca/grants/tx/amarillo,1970-01-01
https://www.fsidigital.ca/grants/tx/amarillo/construction,1970-01-01
https://www.fsidigital.ca/grants/tx/amarillo/education,1970-01-01
https://www.fsidigital.ca/grants/tx/amarillo/logistics,1970-01-01
https://www.fsidigital.ca/grants/tx/amarillo/minority-owned,1970-01-01
https://www.fsidigital.ca/grants/tx/amarillo/non-profits,1970-01-01
https://www.fsidigital.ca/grants/tx/amarillo/technology,1970-01-01
https://www.fsidigital.ca/grants/tx/amarillo/veterans,1970-01-01
https://www.fsidigital.ca/grants/tx/beaumont/arts-entertainment,1970-01-01
https://www.fsidigital.ca/grants/tx/beaumont/construction,1970-01-01
https://www.fsidigital.ca/grants/tx/beaumont/non-profits,1970-01-01
https://www.fsidigital.ca/grants/tx/beaumont/retail,1970-01-01
https://www.fsidigital.ca/grants/tx/beaumont/technology,1970-01-01
https://www.fsidigital.ca/grants/tx/brownsville,1970-01-01
https://www.fsidigital.ca/grants/tx/brownsville/agriculture,1970-01-01
https://www.fsidigital.ca/grants/tx/brownsville/education,1970-01-01
https://www.fsidigital.ca/grants/tx/brownsville/healthcare,1970-01-01
https://www.fsidigital.ca/grants/tx/brownsville/logistics,1970-01-01
https://www.fsidigital.ca/grants/tx/brownsville/manufacturing,1970-01-01
https://www.fsidigital.ca/grants/tx/brownsville/minority-owned,1970-01-01
https://www.fsidigital.ca/grants/tx/brownsville/retail,1970-01-01
https://www.fsidigital.ca/grants/tx/brownsville/veterans,1970-01-01
https://www.fsidigital.ca/grants/tx/carrollton/agriculture,1970-01-01
https://www.fsidigital.ca/grants/tx/carrollton/construction,1970-01-01
https://www.fsidigital.ca/grants/tx/carrollton/education,1970-01-01
https://www.fsidigital.ca/grants/tx/carrollton/healthcare,1970-01-01
https://www.fsidigital.ca/grants/tx/carrollton/manufacturing,1970-01-01
https://www.fsidigital.ca/grants/tx/carrollton/minority-owned,1970-01-01
https://www.fsidigital.ca/grants/tx/carrollton/non-profits,1970-01-01
https://www.fsidigital.ca/grants/tx/carrollton/restaurants-hospitality,1970-01-01
https://www.fsidigital.ca/grants/tx/college-station,1970-01-01
https://www.fsidigital.ca/grants/tx/college-station/agriculture,1970-01-01
https://www.fsidigital.ca/grants/tx/college-station/clean-energy,1970-01-01
https://www.fsidigital.ca/grants/tx/college-station/restaurants-hospitality,1970-01-01
https://www.fsidigital.ca/grants/tx/denton/healthcare,1970-01-01
https://www.fsidigital.ca/grants/tx/denton/manufacturing,1970-01-01
https://www.fsidigital.ca/grants/tx/denton/non-profits,1970-01-01
https://www.fsidigital.ca/grants/tx/denton/restaurants-hospitality,1970-01-01
https://www.fsidigital.ca/grants/tx/denton/technology,1970-01-01
https://www.fsidigital.ca/grants/tx/denton/veterans,1970-01-01
https://www.fsidigital.ca/grants/tx/frisco/logistics,1970-01-01
https://www.fsidigital.ca/grants/tx/frisco/minority-owned,1970-01-01
https://www.fsidigital.ca/grants/tx/frisco/technology,1970-01-01
https://www.fsidigital.ca/grants/tx/garland/education,1970-01-01
https://www.fsidigital.ca/grants/tx/garland/healthcare,1970-01-01
https://www.fsidigital.ca/grants/tx/garland/manufacturing,1970-01-01
https://www.fsidigital.ca/grants/tx/garland/non-profits,1970-01-01
https://www.fsidigital.ca/grants/tx/garland/restaurants-hospitality,1970-01-01
https://www.fsidigital.ca/grants/tx/garland/technology,1970-01-01
https://www.fsidigital.ca/grants/tx/garland/women-entrepreneurs,1970-01-01
https://www.fsidigital.ca/grants/tx/grand-prairie/agriculture,1970-01-01
https://www.fsidigital.ca/grants/tx/grand-prairie/logistics,1970-01-01
https://www.fsidigital.ca/grants/tx/grand-prairie/women-entrepreneurs,1970-01-01
https://www.fsidigital.ca/grants/tx/lewisville,1970-01-01
https://www.fsidigital.ca/grants/tx/lewisville/education,1970-01-01
https://www.fsidigital.ca/grants/tx/lewisville/manufacturing,1970-01-01
https://www.fsidigital.ca/grants/tx/lewisville/non-profits,1970-01-01
https://www.fsidigital.ca/grants/tx/lewisville/retail,1970-01-01
https://www.fsidigital.ca/grants/tx/lewisville/veterans,1970-01-01
https://www.fsidigital.ca/grants/tx/lewisville/women-entrepreneurs,1970-01-01
https://www.fsidigital.ca/grants/tx/mcallen/construction,1970-01-01
https://www.fsidigital.ca/grants/tx/mcallen/education,1970-01-01
https://www.fsidigital.ca/grants/tx/mcallen/manufacturing,1970-01-01
https://www.fsidigital.ca/grants/tx/mcallen/minority-owned,1970-01-01
https://www.fsidigital.ca/grants/tx/mckinney/agriculture,1970-01-01
https://www.fsidigital.ca/grants/tx/mckinney/arts-entertainment,1970-01-01
https://www.fsidigital.ca/grants/tx/mckinney/construction,1970-01-01
https://www.fsidigital.ca/grants/tx/mckinney/education,1970-01-01
https://www.fsidigital.ca/grants/tx/mckinney/manufacturing,1970-01-01
https://www.fsidigital.ca/grants/tx/mckinney/retail,1970-01-01
https://www.fsidigital.ca/grants/tx/mckinney/technology,1970-01-01
https://www.fsidigital.ca/grants/tx/mckinney/veterans,1970-01-01
https://www.fsidigital.ca/grants/tx/mckinney/women-entrepreneurs,1970-01-01
https://www.fsidigital.ca/grants/tx/mesquite/agriculture,1970-01-01
https://www.fsidigital.ca/grants/tx/mesquite/arts-entertainment,1970-01-01
https://www.fsidigital.ca/grants/tx/mesquite/education,1970-01-01
https://www.fsidigital.ca/grants/tx/mesquite/non-profits,1970-01-01
https://www.fsidigital.ca/grants/tx/mesquite/restaurants-hospitality,1970-01-01
https://www.fsidigital.ca/grants/tx/mesquite/technology,1970-01-01
https://www.fsidigital.ca/grants/tx/pasadena-tx/minority-owned,1970-01-01
https://www.fsidigital.ca/grants/tx/pasadena-tx/technology,1970-01-01
https://www.fsidigital.ca/grants/tx/pearland,1970-01-01
https://www.fsidigital.ca/grants/tx/pearland/construction,1970-01-01
https://www.fsidigital.ca/grants/tx/pearland/manufacturing,1970-01-01
https://www.fsidigital.ca/grants/tx/pearland/minority-owned,1970-01-01
https://www.fsidigital.ca/grants/tx/pearland/restaurants-hospitality,1970-01-01
https://www.fsidigital.ca/grants/tx/richardson/arts-entertainment,1970-01-01
https://www.fsidigital.ca/grants/tx/richardson/construction,1970-01-01
https://www.fsidigital.ca/grants/tx/richardson/minority-owned,1970-01-01
https://www.fsidigital.ca/grants/tx/richardson/non-profits,1970-01-01
https://www.fsidigital.ca/grants/tx/richardson/retail,1970-01-01
https://www.fsidigital.ca/grants/tx/richardson/technology,1970-01-01
https://www.fsidigital.ca/grants/tx/round-rock/clean-energy,1970-01-01
https://www.fsidigital.ca/grants/tx/round-rock/education,1970-01-01
https://www.fsidigital.ca/grants/tx/round-rock/manufacturing,1970-01-01
https://www.fsidigital.ca/grants/tx/round-rock/technology,1970-01-01
https://www.fsidigital.ca/grants/tx/round-rock/veterans,1970-01-01
https://www.fsidigital.ca/grants/tx/the-woodlands/education,1970-01-01
https://www.fsidigital.ca/grants/tx/the-woodlands/healthcare,1970-01-01
https://www.fsidigital.ca/grants/tx/the-woodlands/restaurants-hospitality,1970-01-01
https://www.fsidigital.ca/grants/tx/the-woodlands/technology,1970-01-01
https://www.fsidigital.ca/grants/tx/tyler,1970-01-01
https://www.fsidigital.ca/grants/tx/tyler/agriculture,1970-01-01
https://www.fsidigital.ca/grants/tx/tyler/arts-entertainment,1970-01-01
https://www.fsidigital.ca/grants/tx/tyler/healthcare,1970-01-01
https://www.fsidigital.ca/grants/tx/tyler/non-profits,1970-01-01
https://www.fsidigital.ca/grants/tx/tyler/restaurants-hospitality,1970-01-01
https://www.fsidigital.ca/grants/tx/tyler/veterans,1970-01-01
https://www.fsidigital.ca/grants/tx/waco/construction,1970-01-01
https://www.fsidigital.ca/grants/tx/waco/healthcare,1970-01-01
https://www.fsidigital.ca/grants/tx/waco/logistics,1970-01-01
https://www.fsidigital.ca/grants/tx/waco/retail,1970-01-01
https://www.fsidigital.ca/grants/tx/waco/women-entrepreneurs,1970-01-01
https://www.fsidigital.ca/grants/wa/bellevue/agriculture,1970-01-01
https://www.fsidigital.ca/grants/wa/bellevue/construction,1970-01-01
https://www.fsidigital.ca/grants/wa/bellevue/manufacturing,1970-01-01
https://www.fsidigital.ca/grants/wa/bellevue/minority-owned,1970-01-01
https://www.fsidigital.ca/grants/wa/bellevue/non-profits,1970-01-01
https://www.fsidigital.ca/grants/wa/everett/minority-owned,1970-01-01
https://www.fsidigital.ca/grants/wa/everett/restaurants-hospitality,1970-01-01
https://www.fsidigital.ca/grants/wa/everett/veterans,1970-01-01
https://www.fsidigital.ca/grants/wa/everett/women-entrepreneurs,1970-01-01
https://www.fsidigital.ca/grants/wa/federal-way,1970-01-01
https://www.fsidigital.ca/grants/wa/federal-way/clean-energy,1970-01-01
https://www.fsidigital.ca/grants/wa/federal-way/construction,1970-01-01
https://www.fsidigital.ca/grants/wa/federal-way/education,1970-01-01
https://www.fsidigital.ca/grants/wa/federal-way/logistics,1970-01-01
https://www.fsidigital.ca/grants/wa/federal-way/minority-owned,1970-01-01
https://www.fsidigital.ca/grants/wa/kent/clean-energy,1970-01-01
https://www.fsidigital.ca/grants/wa/kent/construction,1970-01-01
https://www.fsidigital.ca/grants/wa/kent/education,1970-01-01
https://www.fsidigital.ca/grants/wa/kent/healthcare,1970-01-01
https://www.fsidigital.ca/grants/wa/kent/logistics,1970-01-01
https://www.fsidigital.ca/grants/wa/kent/non-profits,1970-01-01
https://www.fsidigital.ca/grants/wa/kent/restaurants-hospitality,1970-01-01
https://www.fsidigital.ca/grants/wa/renton/agriculture,1970-01-01
https://www.fsidigital.ca/grants/wa/renton/education,1970-01-01
https://www.fsidigital.ca/grants/wa/renton/healthcare,1970-01-01
https://www.fsidigital.ca/grants/wa/renton/logistics,1970-01-01
https://www.fsidigital.ca/grants/wa/renton/manufacturing,1970-01-01
https://www.fsidigital.ca/grants/wa/renton/non-profits,1970-01-01
https://www.fsidigital.ca/grants/wa/renton/restaurants-hospitality,1970-01-01
https://www.fsidigital.ca/grants/wa/renton/technology,1970-01-01
https://www.fsidigital.ca/grants/wa/renton/women-entrepreneurs,1970-01-01
https://www.fsidigital.ca/grants/wa/spokane/logistics,1970-01-01
https://www.fsidigital.ca/grants/wa/spokane/manufacturing,1970-01-01
https://www.fsidigital.ca/grants/wa/spokane/retail,1970-01-01
https://www.fsidigital.ca/grants/wa/spokane/veterans,1970-01-01
https://www.fsidigital.ca/grants/wa/spokane/women-entrepreneurs,1970-01-01
https://www.fsidigital.ca/grants/wa/tacoma/agriculture,1970-01-01
https://www.fsidigital.ca/grants/wa/tacoma/healthcare,1970-01-01
https://www.fsidigital.ca/grants/wa/tacoma/logistics,1970-01-01
https://www.fsidigital.ca/grants/wa/tacoma/retail,1970-01-01
https://www.fsidigital.ca/grants/wa/tacoma/veterans,1970-01-01
https://www.fsidigital.ca/grants/wa/vancouver-wa/arts-entertainment,1970-01-01
https://www.fsidigital.ca/grants/wa/vancouver-wa/education,1970-01-01
https://www.fsidigital.ca/grants/wa/vancouver-wa/manufacturing,1970-01-01
https://www.fsidigital.ca/grants/wa/vancouver-wa/minority-owned,1970-01-01
https://www.fsidigital.ca/grants/wa/vancouver-wa/women-entrepreneurs,1970-01-01
https://www.fsidigital.ca/grants/wa/yakima/agriculture,1970-01-01
https://www.fsidigital.ca/grants/wa/yakima/arts-entertainment,1970-01-01
https://www.fsidigital.ca/grants/wa/yakima/clean-energy,1970-01-01
https://www.fsidigital.ca/grants/wa/yakima/education,1970-01-01
https://www.fsidigital.ca/grants/wa/yakima/logistics,1970-01-01
https://www.fsidigital.ca/grants/wa/yakima/minority-owned,1970-01-01
https://www.fsidigital.ca/grants/wi/green-bay/clean-energy,1970-01-01
https://www.fsidigital.ca/grants/wi/green-bay/construction,1970-01-01
https://www.fsidigital.ca/grants/wi/green-bay/education,1970-01-01
https://www.fsidigital.ca/grants/wi/green-bay/healthcare,1970-01-01
https://www.fsidigital.ca/grants/wi/green-bay/logistics,1970-01-01
https://www.fsidigital.ca/grants/wi/green-bay/non-profits,1970-01-01
https://www.fsidigital.ca/grants/wi/green-bay/retail,1970-01-01
https://www.fsidigital.ca/grants/wi/green-bay/women-entrepreneurs,1970-01-01
https://www.fsidigital.ca/grants/wi/madison/arts-entertainment,1970-01-01
https://www.fsidigital.ca/grants/wi/madison/construction,1970-01-01
https://www.fsidigital.ca/usa/michigan,1970-01-01
https://www.fsidigital.ca/usa/montana,1970-01-01